{"body":{"api_version":"2024-06-20","created":1727160725,"data":{"object":{"address":null,"balance":0,"created":1727160725,"currency":null,"default_source":null,"delinquent":false,"description":null,"discount":null,"email":null,"id":"cus_QuH9pW4zVIYke4","invoice_prefix":"9FB1796F","invoice_settings":{"custom_fields":null,"default_payment_method":null,"footer":null,"rendering_options":null},"livemode":false,"metadata":{"cart":"[{\"_id\":\"ee3f16aa-4663-484d-a2ae-57c8b5c41e77\",\"product_name\":\"Bone\",\"price\":75000,\"stock_image\":\"1726556805594--Meance Meat.jpg\",\"id\":\"ee3f16aa-4663-484d-a2ae-57c8b5c41e77\",\"quantity\":1}]","userId":"6d592976-07bc-4747-b7c3-be326f3d9c35"},"name":null,"next_invoice_sequence":1,"object":"customer","phone":null,"preferred_locales":[],"shipping":null,"tax_exempt":"none","test_clock":null}},"id":"evt_1Q2SbRK55OROjnvZBfAXYTDy","livemode":false,"object":"event","pending_webhooks":2,"request":{"id":"req_Fqq1QAmj9f3AiJ","idempotency_key":"stripe-node-retry-3a8ef95b-1ec3-494d-bd35-ecc0935aec67"},"type":"customer.created"},"level":"error","message":"Can't find /stripe/webhook on the server","method":"POST","stack":"Error: Can't find /stripe/webhook on the server\n    at file:///C:/Users/HP/Desktop/butchery-pos-backend/backend/server.js:138:17\n    at Layer.handle [as handle_request] (C:\\Users\\HP\\Desktop\\butchery-pos-backend\\backend\\node_modules\\express\\lib\\router\\layer.js:95:5)\n    at next (C:\\Users\\HP\\Desktop\\butchery-pos-backend\\backend\\node_modules\\express\\lib\\router\\route.js:149:13)\n    at next (C:\\Users\\HP\\Desktop\\butchery-pos-backend\\backend\\node_modules\\express\\lib\\router\\route.js:145:7)\n    at next (C:\\Users\\HP\\Desktop\\butchery-pos-backend\\backend\\node_modules\\express\\lib\\router\\route.js:145:7)\n    at next (C:\\Users\\HP\\Desktop\\butchery-pos-backend\\backend\\node_modules\\express\\lib\\router\\route.js:145:7)\n    at next (C:\\Users\\HP\\Desktop\\butchery-pos-backend\\backend\\node_modules\\express\\lib\\router\\route.js:145:7)\n    at next (C:\\Users\\HP\\Desktop\\butchery-pos-backend\\backend\\node_modules\\express\\lib\\router\\route.js:145:7)\n    at next (C:\\Users\\HP\\Desktop\\butchery-pos-backend\\backend\\node_modules\\express\\lib\\router\\route.js:145:7)\n    at next (C:\\Users\\HP\\Desktop\\butchery-pos-backend\\backend\\node_modules\\express\\lib\\router\\route.js:145:7)","statusCode":404,"url":"/stripe/webhook"}
2024-09-24 10:05:26 [error] Can't find /stripe/webhook on the server 
Error: Can't find /stripe/webhook on the server
    at file:///C:/Users/HP/Desktop/butchery-pos-backend/backend/server.js:138:17
    at Layer.handle [as handle_request] (C:\Users\HP\Desktop\butchery-pos-backend\backend\node_modules\express\lib\router\layer.js:95:5)
    at next (C:\Users\HP\Desktop\butchery-pos-backend\backend\node_modules\express\lib\router\route.js:149:13)
    at next (C:\Users\HP\Desktop\butchery-pos-backend\backend\node_modules\express\lib\router\route.js:145:7)
    at next (C:\Users\HP\Desktop\butchery-pos-backend\backend\node_modules\express\lib\router\route.js:145:7)
    at next (C:\Users\HP\Desktop\butchery-pos-backend\backend\node_modules\express\lib\router\route.js:145:7)
    at next (C:\Users\HP\Desktop\butchery-pos-backend\backend\node_modules\express\lib\router\route.js:145:7)
    at next (C:\Users\HP\Desktop\butchery-pos-backend\backend\node_modules\express\lib\router\route.js:145:7)
    at next (C:\Users\HP\Desktop\butchery-pos-backend\backend\node_modules\express\lib\router\route.js:145:7)
    at next (C:\Users\HP\Desktop\butchery-pos-backend\backend\node_modules\express\lib\router\route.js:145:7) Method: POST URL: /stripe/webhook
2024-09-24 10:16:59 [error] res is not defined 
ReferenceError: res is not defined
    at stripeWebhook (file:///C:/Users/HP/Desktop/butchery-pos-backend/backend/api/controllers/stripe.js:184:3)
    at Layer.handle [as handle_request] (C:\Users\HP\Desktop\butchery-pos-backend\backend\node_modules\express\lib\router\layer.js:95:5)
    at next (C:\Users\HP\Desktop\butchery-pos-backend\backend\node_modules\express\lib\router\route.js:149:13)
    at Route.dispatch (C:\Users\HP\Desktop\butchery-pos-backend\backend\node_modules\express\lib\router\route.js:119:3)
    at Layer.handle [as handle_request] (C:\Users\HP\Desktop\butchery-pos-backend\backend\node_modules\express\lib\router\layer.js:95:5)
    at C:\Users\HP\Desktop\butchery-pos-backend\backend\node_modules\express\lib\router\index.js:284:15
    at Function.process_params (C:\Users\HP\Desktop\butchery-pos-backend\backend\node_modules\express\lib\router\index.js:346:12)
    at next (C:\Users\HP\Desktop\butchery-pos-backend\backend\node_modules\express\lib\router\index.js:280:10)
    at Function.handle (C:\Users\HP\Desktop\butchery-pos-backend\backend\node_modules\express\lib\router\index.js:175:3)
    at router (C:\Users\HP\Desktop\butchery-pos-backend\backend\node_modules\express\lib\router\index.js:47:12) Method: POST URL: /stripe/webhook
2024-09-24 14:28:25 [error] Can't find /stripe/create-checkout-session on the server 
Error: Can't find /stripe/create-checkout-session on the server
    at file:///C:/Users/HP/Desktop/butchery-pos-backend/backend/server.js:138:17
    at Layer.handle [as handle_request] (C:\Users\HP\Desktop\butchery-pos-backend\backend\node_modules\express\lib\router\layer.js:95:5)
    at next (C:\Users\HP\Desktop\butchery-pos-backend\backend\node_modules\express\lib\router\route.js:149:13)
    at next (C:\Users\HP\Desktop\butchery-pos-backend\backend\node_modules\express\lib\router\route.js:145:7)
    at next (C:\Users\HP\Desktop\butchery-pos-backend\backend\node_modules\express\lib\router\route.js:145:7)
    at next (C:\Users\HP\Desktop\butchery-pos-backend\backend\node_modules\express\lib\router\route.js:145:7)
    at next (C:\Users\HP\Desktop\butchery-pos-backend\backend\node_modules\express\lib\router\route.js:145:7)
    at next (C:\Users\HP\Desktop\butchery-pos-backend\backend\node_modules\express\lib\router\route.js:145:7)
    at next (C:\Users\HP\Desktop\butchery-pos-backend\backend\node_modules\express\lib\router\route.js:145:7)
    at next (C:\Users\HP\Desktop\butchery-pos-backend\backend\node_modules\express\lib\router\route.js:145:7) Method: POST URL: /stripe/create-checkout-session
2024-09-24 14:30:40 [error] Can't find /stripe/create-checkout-session on the server 
Error: Can't find /stripe/create-checkout-session on the server
    at file:///C:/Users/HP/Desktop/butchery-pos-backend/backend/server.js:138:17
    at Layer.handle [as handle_request] (C:\Users\HP\Desktop\butchery-pos-backend\backend\node_modules\express\lib\router\layer.js:95:5)
    at next (C:\Users\HP\Desktop\butchery-pos-backend\backend\node_modules\express\lib\router\route.js:149:13)
    at next (C:\Users\HP\Desktop\butchery-pos-backend\backend\node_modules\express\lib\router\route.js:145:7)
    at next (C:\Users\HP\Desktop\butchery-pos-backend\backend\node_modules\express\lib\router\route.js:145:7)
    at next (C:\Users\HP\Desktop\butchery-pos-backend\backend\node_modules\express\lib\router\route.js:145:7)
    at next (C:\Users\HP\Desktop\butchery-pos-backend\backend\node_modules\express\lib\router\route.js:145:7)
    at next (C:\Users\HP\Desktop\butchery-pos-backend\backend\node_modules\express\lib\router\route.js:145:7)
    at next (C:\Users\HP\Desktop\butchery-pos-backend\backend\node_modules\express\lib\router\route.js:145:7)
    at next (C:\Users\HP\Desktop\butchery-pos-backend\backend\node_modules\express\lib\router\route.js:145:7) Method: POST URL: /stripe/create-checkout-session
2024-09-24 14:31:20 [error] Can't find /stripe/create-checkout-session on the server 
Error: Can't find /stripe/create-checkout-session on the server
    at file:///C:/Users/HP/Desktop/butchery-pos-backend/backend/server.js:138:17
    at Layer.handle [as handle_request] (C:\Users\HP\Desktop\butchery-pos-backend\backend\node_modules\express\lib\router\layer.js:95:5)
    at next (C:\Users\HP\Desktop\butchery-pos-backend\backend\node_modules\express\lib\router\route.js:149:13)
    at next (C:\Users\HP\Desktop\butchery-pos-backend\backend\node_modules\express\lib\router\route.js:145:7)
    at next (C:\Users\HP\Desktop\butchery-pos-backend\backend\node_modules\express\lib\router\route.js:145:7)
    at next (C:\Users\HP\Desktop\butchery-pos-backend\backend\node_modules\express\lib\router\route.js:145:7)
    at next (C:\Users\HP\Desktop\butchery-pos-backend\backend\node_modules\express\lib\router\route.js:145:7)
    at next (C:\Users\HP\Desktop\butchery-pos-backend\backend\node_modules\express\lib\router\route.js:145:7)
    at next (C:\Users\HP\Desktop\butchery-pos-backend\backend\node_modules\express\lib\router\route.js:145:7)
    at next (C:\Users\HP\Desktop\butchery-pos-backend\backend\node_modules\express\lib\router\route.js:145:7) Method: POST URL: /stripe/create-checkout-session
2024-09-24 17:26:31 [error] Can't find /stripe/check-out on the server 
Error: Can't find /stripe/check-out on the server
    at file:///C:/Users/HP/Desktop/butchery-pos-backend/backend/server.js:138:17
    at Layer.handle [as handle_request] (C:\Users\HP\Desktop\butchery-pos-backend\backend\node_modules\express\lib\router\layer.js:95:5)
    at next (C:\Users\HP\Desktop\butchery-pos-backend\backend\node_modules\express\lib\router\route.js:149:13)
    at next (C:\Users\HP\Desktop\butchery-pos-backend\backend\node_modules\express\lib\router\route.js:145:7)
    at next (C:\Users\HP\Desktop\butchery-pos-backend\backend\node_modules\express\lib\router\route.js:145:7)
    at next (C:\Users\HP\Desktop\butchery-pos-backend\backend\node_modules\express\lib\router\route.js:145:7)
    at next (C:\Users\HP\Desktop\butchery-pos-backend\backend\node_modules\express\lib\router\route.js:145:7)
    at next (C:\Users\HP\Desktop\butchery-pos-backend\backend\node_modules\express\lib\router\route.js:145:7)
    at next (C:\Users\HP\Desktop\butchery-pos-backend\backend\node_modules\express\lib\router\route.js:145:7)
    at next (C:\Users\HP\Desktop\butchery-pos-backend\backend\node_modules\express\lib\router\route.js:145:7) Method: POST URL: /stripe/check-out
2024-09-24 18:55:49 [error] req is not defined 
ReferenceError: req is not defined
    at stripeWebhook (file:///C:/Users/HP/Desktop/butchery-pos-backend/backend/api/controllers/stripe.js:130:5)
    at Layer.handle [as handle_request] (C:\Users\HP\Desktop\butchery-pos-backend\backend\node_modules\express\lib\router\layer.js:95:5)
    at next (C:\Users\HP\Desktop\butchery-pos-backend\backend\node_modules\express\lib\router\route.js:149:13)
    at Route.dispatch (C:\Users\HP\Desktop\butchery-pos-backend\backend\node_modules\express\lib\router\route.js:119:3)
    at Layer.handle [as handle_request] (C:\Users\HP\Desktop\butchery-pos-backend\backend\node_modules\express\lib\router\layer.js:95:5)
    at C:\Users\HP\Desktop\butchery-pos-backend\backend\node_modules\express\lib\router\index.js:284:15
    at Function.process_params (C:\Users\HP\Desktop\butchery-pos-backend\backend\node_modules\express\lib\router\index.js:346:12)
    at next (C:\Users\HP\Desktop\butchery-pos-backend\backend\node_modules\express\lib\router\index.js:280:10)
    at Function.handle (C:\Users\HP\Desktop\butchery-pos-backend\backend\node_modules\express\lib\router\index.js:175:3)
    at router (C:\Users\HP\Desktop\butchery-pos-backend\backend\node_modules\express\lib\router\index.js:47:12) Method: POST URL: /stripe/webhook
2024-09-24 18:55:49 [error] req is not defined 
ReferenceError: req is not defined
    at stripeWebhook (file:///C:/Users/HP/Desktop/butchery-pos-backend/backend/api/controllers/stripe.js:130:5)
    at Layer.handle [as handle_request] (C:\Users\HP\Desktop\butchery-pos-backend\backend\node_modules\express\lib\router\layer.js:95:5)
    at next (C:\Users\HP\Desktop\butchery-pos-backend\backend\node_modules\express\lib\router\route.js:149:13)
    at Route.dispatch (C:\Users\HP\Desktop\butchery-pos-backend\backend\node_modules\express\lib\router\route.js:119:3)
    at Layer.handle [as handle_request] (C:\Users\HP\Desktop\butchery-pos-backend\backend\node_modules\express\lib\router\layer.js:95:5)
    at C:\Users\HP\Desktop\butchery-pos-backend\backend\node_modules\express\lib\router\index.js:284:15
    at Function.process_params (C:\Users\HP\Desktop\butchery-pos-backend\backend\node_modules\express\lib\router\index.js:346:12)
    at next (C:\Users\HP\Desktop\butchery-pos-backend\backend\node_modules\express\lib\router\index.js:280:10)
    at Function.handle (C:\Users\HP\Desktop\butchery-pos-backend\backend\node_modules\express\lib\router\index.js:175:3)
    at router (C:\Users\HP\Desktop\butchery-pos-backend\backend\node_modules\express\lib\router\index.js:47:12) Method: POST URL: /stripe/webhook
2024-09-24 18:55:49 [error] req is not defined 
ReferenceError: req is not defined
    at stripeWebhook (file:///C:/Users/HP/Desktop/butchery-pos-backend/backend/api/controllers/stripe.js:130:5)
    at Layer.handle [as handle_request] (C:\Users\HP\Desktop\butchery-pos-backend\backend\node_modules\express\lib\router\layer.js:95:5)
    at next (C:\Users\HP\Desktop\butchery-pos-backend\backend\node_modules\express\lib\router\route.js:149:13)
    at Route.dispatch (C:\Users\HP\Desktop\butchery-pos-backend\backend\node_modules\express\lib\router\route.js:119:3)
    at Layer.handle [as handle_request] (C:\Users\HP\Desktop\butchery-pos-backend\backend\node_modules\express\lib\router\layer.js:95:5)
    at C:\Users\HP\Desktop\butchery-pos-backend\backend\node_modules\express\lib\router\index.js:284:15
    at Function.process_params (C:\Users\HP\Desktop\butchery-pos-backend\backend\node_modules\express\lib\router\index.js:346:12)
    at next (C:\Users\HP\Desktop\butchery-pos-backend\backend\node_modules\express\lib\router\index.js:280:10)
    at Function.handle (C:\Users\HP\Desktop\butchery-pos-backend\backend\node_modules\express\lib\router\index.js:175:3)
    at router (C:\Users\HP\Desktop\butchery-pos-backend\backend\node_modules\express\lib\router\index.js:47:12) Method: POST URL: /stripe/webhook
2024-09-24 18:55:52 [error] req is not defined 
ReferenceError: req is not defined
    at stripeWebhook (file:///C:/Users/HP/Desktop/butchery-pos-backend/backend/api/controllers/stripe.js:130:5)
    at Layer.handle [as handle_request] (C:\Users\HP\Desktop\butchery-pos-backend\backend\node_modules\express\lib\router\layer.js:95:5)
    at next (C:\Users\HP\Desktop\butchery-pos-backend\backend\node_modules\express\lib\router\route.js:149:13)
    at Route.dispatch (C:\Users\HP\Desktop\butchery-pos-backend\backend\node_modules\express\lib\router\route.js:119:3)
    at Layer.handle [as handle_request] (C:\Users\HP\Desktop\butchery-pos-backend\backend\node_modules\express\lib\router\layer.js:95:5)
    at C:\Users\HP\Desktop\butchery-pos-backend\backend\node_modules\express\lib\router\index.js:284:15
    at Function.process_params (C:\Users\HP\Desktop\butchery-pos-backend\backend\node_modules\express\lib\router\index.js:346:12)
    at next (C:\Users\HP\Desktop\butchery-pos-backend\backend\node_modules\express\lib\router\index.js:280:10)
    at Function.handle (C:\Users\HP\Desktop\butchery-pos-backend\backend\node_modules\express\lib\router\index.js:175:3)
    at router (C:\Users\HP\Desktop\butchery-pos-backend\backend\node_modules\express\lib\router\index.js:47:12) Method: POST URL: /stripe/webhook
2024-09-24 18:56:42 [error] req is not defined 
ReferenceError: req is not defined
    at stripeWebhook (file:///C:/Users/HP/Desktop/butchery-pos-backend/backend/api/controllers/stripe.js:130:5)
    at Layer.handle [as handle_request] (C:\Users\HP\Desktop\butchery-pos-backend\backend\node_modules\express\lib\router\layer.js:95:5)
    at next (C:\Users\HP\Desktop\butchery-pos-backend\backend\node_modules\express\lib\router\route.js:149:13)
    at Route.dispatch (C:\Users\HP\Desktop\butchery-pos-backend\backend\node_modules\express\lib\router\route.js:119:3)
    at Layer.handle [as handle_request] (C:\Users\HP\Desktop\butchery-pos-backend\backend\node_modules\express\lib\router\layer.js:95:5)
    at C:\Users\HP\Desktop\butchery-pos-backend\backend\node_modules\express\lib\router\index.js:284:15
    at Function.process_params (C:\Users\HP\Desktop\butchery-pos-backend\backend\node_modules\express\lib\router\index.js:346:12)
    at next (C:\Users\HP\Desktop\butchery-pos-backend\backend\node_modules\express\lib\router\index.js:280:10)
    at Function.handle (C:\Users\HP\Desktop\butchery-pos-backend\backend\node_modules\express\lib\router\index.js:175:3)
    at router (C:\Users\HP\Desktop\butchery-pos-backend\backend\node_modules\express\lib\router\index.js:47:12) Method: POST URL: /stripe/webhook
2024-09-24 18:57:37 [error] req is not defined 
ReferenceError: req is not defined
    at stripeWebhook (file:///C:/Users/HP/Desktop/butchery-pos-backend/backend/api/controllers/stripe.js:130:5)
    at Layer.handle [as handle_request] (C:\Users\HP\Desktop\butchery-pos-backend\backend\node_modules\express\lib\router\layer.js:95:5)
    at next (C:\Users\HP\Desktop\butchery-pos-backend\backend\node_modules\express\lib\router\route.js:149:13)
    at Route.dispatch (C:\Users\HP\Desktop\butchery-pos-backend\backend\node_modules\express\lib\router\route.js:119:3)
    at Layer.handle [as handle_request] (C:\Users\HP\Desktop\butchery-pos-backend\backend\node_modules\express\lib\router\layer.js:95:5)
    at C:\Users\HP\Desktop\butchery-pos-backend\backend\node_modules\express\lib\router\index.js:284:15
    at Function.process_params (C:\Users\HP\Desktop\butchery-pos-backend\backend\node_modules\express\lib\router\index.js:346:12)
    at next (C:\Users\HP\Desktop\butchery-pos-backend\backend\node_modules\express\lib\router\index.js:280:10)
    at Function.handle (C:\Users\HP\Desktop\butchery-pos-backend\backend\node_modules\express\lib\router\index.js:175:3)
    at router (C:\Users\HP\Desktop\butchery-pos-backend\backend\node_modules\express\lib\router\index.js:47:12) Method: POST URL: /stripe/webhook
2024-09-24 18:57:37 [error] req is not defined 
ReferenceError: req is not defined
    at stripeWebhook (file:///C:/Users/HP/Desktop/butchery-pos-backend/backend/api/controllers/stripe.js:130:5)
    at Layer.handle [as handle_request] (C:\Users\HP\Desktop\butchery-pos-backend\backend\node_modules\express\lib\router\layer.js:95:5)
    at next (C:\Users\HP\Desktop\butchery-pos-backend\backend\node_modules\express\lib\router\route.js:149:13)
    at Route.dispatch (C:\Users\HP\Desktop\butchery-pos-backend\backend\node_modules\express\lib\router\route.js:119:3)
    at Layer.handle [as handle_request] (C:\Users\HP\Desktop\butchery-pos-backend\backend\node_modules\express\lib\router\layer.js:95:5)
    at C:\Users\HP\Desktop\butchery-pos-backend\backend\node_modules\express\lib\router\index.js:284:15
    at Function.process_params (C:\Users\HP\Desktop\butchery-pos-backend\backend\node_modules\express\lib\router\index.js:346:12)
    at next (C:\Users\HP\Desktop\butchery-pos-backend\backend\node_modules\express\lib\router\index.js:280:10)
    at Function.handle (C:\Users\HP\Desktop\butchery-pos-backend\backend\node_modules\express\lib\router\index.js:175:3)
    at router (C:\Users\HP\Desktop\butchery-pos-backend\backend\node_modules\express\lib\router\index.js:47:12) Method: POST URL: /stripe/webhook
2024-09-24 18:57:37 [error] req is not defined 
ReferenceError: req is not defined
    at stripeWebhook (file:///C:/Users/HP/Desktop/butchery-pos-backend/backend/api/controllers/stripe.js:130:5)
    at Layer.handle [as handle_request] (C:\Users\HP\Desktop\butchery-pos-backend\backend\node_modules\express\lib\router\layer.js:95:5)
    at next (C:\Users\HP\Desktop\butchery-pos-backend\backend\node_modules\express\lib\router\route.js:149:13)
    at Route.dispatch (C:\Users\HP\Desktop\butchery-pos-backend\backend\node_modules\express\lib\router\route.js:119:3)
    at Layer.handle [as handle_request] (C:\Users\HP\Desktop\butchery-pos-backend\backend\node_modules\express\lib\router\layer.js:95:5)
    at C:\Users\HP\Desktop\butchery-pos-backend\backend\node_modules\express\lib\router\index.js:284:15
    at Function.process_params (C:\Users\HP\Desktop\butchery-pos-backend\backend\node_modules\express\lib\router\index.js:346:12)
    at next (C:\Users\HP\Desktop\butchery-pos-backend\backend\node_modules\express\lib\router\index.js:280:10)
    at Function.handle (C:\Users\HP\Desktop\butchery-pos-backend\backend\node_modules\express\lib\router\index.js:175:3)
    at router (C:\Users\HP\Desktop\butchery-pos-backend\backend\node_modules\express\lib\router\index.js:47:12) Method: POST URL: /stripe/webhook
2024-09-24 18:57:37 [error] req is not defined 
ReferenceError: req is not defined
    at stripeWebhook (file:///C:/Users/HP/Desktop/butchery-pos-backend/backend/api/controllers/stripe.js:130:5)
    at Layer.handle [as handle_request] (C:\Users\HP\Desktop\butchery-pos-backend\backend\node_modules\express\lib\router\layer.js:95:5)
    at next (C:\Users\HP\Desktop\butchery-pos-backend\backend\node_modules\express\lib\router\route.js:149:13)
    at Route.dispatch (C:\Users\HP\Desktop\butchery-pos-backend\backend\node_modules\express\lib\router\route.js:119:3)
    at Layer.handle [as handle_request] (C:\Users\HP\Desktop\butchery-pos-backend\backend\node_modules\express\lib\router\layer.js:95:5)
    at C:\Users\HP\Desktop\butchery-pos-backend\backend\node_modules\express\lib\router\index.js:284:15
    at Function.process_params (C:\Users\HP\Desktop\butchery-pos-backend\backend\node_modules\express\lib\router\index.js:346:12)
    at next (C:\Users\HP\Desktop\butchery-pos-backend\backend\node_modules\express\lib\router\index.js:280:10)
    at Function.handle (C:\Users\HP\Desktop\butchery-pos-backend\backend\node_modules\express\lib\router\index.js:175:3)
    at router (C:\Users\HP\Desktop\butchery-pos-backend\backend\node_modules\express\lib\router\index.js:47:12) Method: POST URL: /stripe/webhook
2024-09-24 18:57:37 [error] req is not defined 
ReferenceError: req is not defined
    at stripeWebhook (file:///C:/Users/HP/Desktop/butchery-pos-backend/backend/api/controllers/stripe.js:130:5)
    at Layer.handle [as handle_request] (C:\Users\HP\Desktop\butchery-pos-backend\backend\node_modules\express\lib\router\layer.js:95:5)
    at next (C:\Users\HP\Desktop\butchery-pos-backend\backend\node_modules\express\lib\router\route.js:149:13)
    at Route.dispatch (C:\Users\HP\Desktop\butchery-pos-backend\backend\node_modules\express\lib\router\route.js:119:3)
    at Layer.handle [as handle_request] (C:\Users\HP\Desktop\butchery-pos-backend\backend\node_modules\express\lib\router\layer.js:95:5)
    at C:\Users\HP\Desktop\butchery-pos-backend\backend\node_modules\express\lib\router\index.js:284:15
    at Function.process_params (C:\Users\HP\Desktop\butchery-pos-backend\backend\node_modules\express\lib\router\index.js:346:12)
    at next (C:\Users\HP\Desktop\butchery-pos-backend\backend\node_modules\express\lib\router\index.js:280:10)
    at Function.handle (C:\Users\HP\Desktop\butchery-pos-backend\backend\node_modules\express\lib\router\index.js:175:3)
    at router (C:\Users\HP\Desktop\butchery-pos-backend\backend\node_modules\express\lib\router\index.js:47:12) Method: POST URL: /stripe/webhook
2024-09-24 18:57:40 [error] req is not defined 
ReferenceError: req is not defined
    at stripeWebhook (file:///C:/Users/HP/Desktop/butchery-pos-backend/backend/api/controllers/stripe.js:130:5)
    at Layer.handle [as handle_request] (C:\Users\HP\Desktop\butchery-pos-backend\backend\node_modules\express\lib\router\layer.js:95:5)
    at next (C:\Users\HP\Desktop\butchery-pos-backend\backend\node_modules\express\lib\router\route.js:149:13)
    at Route.dispatch (C:\Users\HP\Desktop\butchery-pos-backend\backend\node_modules\express\lib\router\route.js:119:3)
    at Layer.handle [as handle_request] (C:\Users\HP\Desktop\butchery-pos-backend\backend\node_modules\express\lib\router\layer.js:95:5)
    at C:\Users\HP\Desktop\butchery-pos-backend\backend\node_modules\express\lib\router\index.js:284:15
    at Function.process_params (C:\Users\HP\Desktop\butchery-pos-backend\backend\node_modules\express\lib\router\index.js:346:12)
    at next (C:\Users\HP\Desktop\butchery-pos-backend\backend\node_modules\express\lib\router\index.js:280:10)
    at Function.handle (C:\Users\HP\Desktop\butchery-pos-backend\backend\node_modules\express\lib\router\index.js:175:3)
    at router (C:\Users\HP\Desktop\butchery-pos-backend\backend\node_modules\express\lib\router\index.js:47:12) Method: POST URL: /stripe/webhook
2024-09-26 18:48:21 [error] Can't find /employees/logout on the server 
Error: Can't find /employees/logout on the server
    at file:///C:/Users/HP/Desktop/butchery-pos-backend/backend/server.js:138:17
    at Layer.handle [as handle_request] (C:\Users\HP\Desktop\butchery-pos-backend\backend\node_modules\express\lib\router\layer.js:95:5)
    at next (C:\Users\HP\Desktop\butchery-pos-backend\backend\node_modules\express\lib\router\route.js:149:13)
    at next (C:\Users\HP\Desktop\butchery-pos-backend\backend\node_modules\express\lib\router\route.js:145:7)
    at next (C:\Users\HP\Desktop\butchery-pos-backend\backend\node_modules\express\lib\router\route.js:145:7)
    at next (C:\Users\HP\Desktop\butchery-pos-backend\backend\node_modules\express\lib\router\route.js:145:7)
    at next (C:\Users\HP\Desktop\butchery-pos-backend\backend\node_modules\express\lib\router\route.js:145:7)
    at next (C:\Users\HP\Desktop\butchery-pos-backend\backend\node_modules\express\lib\router\route.js:145:7)
    at next (C:\Users\HP\Desktop\butchery-pos-backend\backend\node_modules\express\lib\router\route.js:145:7)
    at next (C:\Users\HP\Desktop\butchery-pos-backend\backend\node_modules\express\lib\router\route.js:145:7) Method: POST URL: /employees/logout
2024-09-27 08:34:07 [error] Can't find /employees/logout on the server 
Error: Can't find /employees/logout on the server
    at file:///C:/Users/HP/Desktop/butchery-pos-backend/backend/server.js:138:17
    at Layer.handle [as handle_request] (C:\Users\HP\Desktop\butchery-pos-backend\backend\node_modules\express\lib\router\layer.js:95:5)
    at next (C:\Users\HP\Desktop\butchery-pos-backend\backend\node_modules\express\lib\router\route.js:149:13)
    at next (C:\Users\HP\Desktop\butchery-pos-backend\backend\node_modules\express\lib\router\route.js:145:7)
    at next (C:\Users\HP\Desktop\butchery-pos-backend\backend\node_modules\express\lib\router\route.js:145:7)
    at next (C:\Users\HP\Desktop\butchery-pos-backend\backend\node_modules\express\lib\router\route.js:145:7)
    at next (C:\Users\HP\Desktop\butchery-pos-backend\backend\node_modules\express\lib\router\route.js:145:7)
    at next (C:\Users\HP\Desktop\butchery-pos-backend\backend\node_modules\express\lib\router\route.js:145:7)
    at next (C:\Users\HP\Desktop\butchery-pos-backend\backend\node_modules\express\lib\router\route.js:145:7)
    at next (C:\Users\HP\Desktop\butchery-pos-backend\backend\node_modules\express\lib\router\route.js:145:7) Method: POST URL: /employees/logout
2024-09-27 10:47:33 [error] Can't find /customers/logout on the server 
Error: Can't find /customers/logout on the server
    at file:///C:/Users/HP/Desktop/butchery-pos-backend/backend/server.js:138:17
    at Layer.handle [as handle_request] (C:\Users\HP\Desktop\butchery-pos-backend\backend\node_modules\express\lib\router\layer.js:95:5)
    at next (C:\Users\HP\Desktop\butchery-pos-backend\backend\node_modules\express\lib\router\route.js:149:13)
    at next (C:\Users\HP\Desktop\butchery-pos-backend\backend\node_modules\express\lib\router\route.js:145:7)
    at next (C:\Users\HP\Desktop\butchery-pos-backend\backend\node_modules\express\lib\router\route.js:145:7)
    at next (C:\Users\HP\Desktop\butchery-pos-backend\backend\node_modules\express\lib\router\route.js:145:7)
    at next (C:\Users\HP\Desktop\butchery-pos-backend\backend\node_modules\express\lib\router\route.js:145:7)
    at next (C:\Users\HP\Desktop\butchery-pos-backend\backend\node_modules\express\lib\router\route.js:145:7)
    at next (C:\Users\HP\Desktop\butchery-pos-backend\backend\node_modules\express\lib\router\route.js:145:7)
    at next (C:\Users\HP\Desktop\butchery-pos-backend\backend\node_modules\express\lib\router\route.js:145:7) Method: POST URL: /customers/logout
2024-09-27 16:45:20 [error] Can't find /stripe/webhookstripe on the server 
Error: Can't find /stripe/webhookstripe on the server
    at file:///C:/Users/HP/Desktop/butchery-pos-backend/backend/server.js:138:17
    at Layer.handle [as handle_request] (C:\Users\HP\Desktop\butchery-pos-backend\backend\node_modules\express\lib\router\layer.js:95:5)
    at next (C:\Users\HP\Desktop\butchery-pos-backend\backend\node_modules\express\lib\router\route.js:149:13)
    at next (C:\Users\HP\Desktop\butchery-pos-backend\backend\node_modules\express\lib\router\route.js:145:7)
    at next (C:\Users\HP\Desktop\butchery-pos-backend\backend\node_modules\express\lib\router\route.js:145:7)
    at next (C:\Users\HP\Desktop\butchery-pos-backend\backend\node_modules\express\lib\router\route.js:145:7)
    at next (C:\Users\HP\Desktop\butchery-pos-backend\backend\node_modules\express\lib\router\route.js:145:7)
    at next (C:\Users\HP\Desktop\butchery-pos-backend\backend\node_modules\express\lib\router\route.js:145:7)
    at next (C:\Users\HP\Desktop\butchery-pos-backend\backend\node_modules\express\lib\router\route.js:145:7)
    at next (C:\Users\HP\Desktop\butchery-pos-backend\backend\node_modules\express\lib\router\route.js:145:7) Method: POST URL: /stripe/webhookstripe
2024-09-27 16:45:20 [error] Can't find /stripe/webhookstripe on the server 
Error: Can't find /stripe/webhookstripe on the server
    at file:///C:/Users/HP/Desktop/butchery-pos-backend/backend/server.js:138:17
    at Layer.handle [as handle_request] (C:\Users\HP\Desktop\butchery-pos-backend\backend\node_modules\express\lib\router\layer.js:95:5)
    at next (C:\Users\HP\Desktop\butchery-pos-backend\backend\node_modules\express\lib\router\route.js:149:13)
    at next (C:\Users\HP\Desktop\butchery-pos-backend\backend\node_modules\express\lib\router\route.js:145:7)
    at next (C:\Users\HP\Desktop\butchery-pos-backend\backend\node_modules\express\lib\router\route.js:145:7)
    at next (C:\Users\HP\Desktop\butchery-pos-backend\backend\node_modules\express\lib\router\route.js:145:7)
    at next (C:\Users\HP\Desktop\butchery-pos-backend\backend\node_modules\express\lib\router\route.js:145:7)
    at next (C:\Users\HP\Desktop\butchery-pos-backend\backend\node_modules\express\lib\router\route.js:145:7)
    at next (C:\Users\HP\Desktop\butchery-pos-backend\backend\node_modules\express\lib\router\route.js:145:7)
    at next (C:\Users\HP\Desktop\butchery-pos-backend\backend\node_modules\express\lib\router\route.js:145:7) Method: POST URL: /stripe/webhookstripe
2024-09-27 16:45:20 [error] Can't find /stripe/webhookstripe on the server 
Error: Can't find /stripe/webhookstripe on the server
    at file:///C:/Users/HP/Desktop/butchery-pos-backend/backend/server.js:138:17
    at Layer.handle [as handle_request] (C:\Users\HP\Desktop\butchery-pos-backend\backend\node_modules\express\lib\router\layer.js:95:5)
    at next (C:\Users\HP\Desktop\butchery-pos-backend\backend\node_modules\express\lib\router\route.js:149:13)
    at next (C:\Users\HP\Desktop\butchery-pos-backend\backend\node_modules\express\lib\router\route.js:145:7)
    at next (C:\Users\HP\Desktop\butchery-pos-backend\backend\node_modules\express\lib\router\route.js:145:7)
    at next (C:\Users\HP\Desktop\butchery-pos-backend\backend\node_modules\express\lib\router\route.js:145:7)
    at next (C:\Users\HP\Desktop\butchery-pos-backend\backend\node_modules\express\lib\router\route.js:145:7)
    at next (C:\Users\HP\Desktop\butchery-pos-backend\backend\node_modules\express\lib\router\route.js:145:7)
    at next (C:\Users\HP\Desktop\butchery-pos-backend\backend\node_modules\express\lib\router\route.js:145:7)
    at next (C:\Users\HP\Desktop\butchery-pos-backend\backend\node_modules\express\lib\router\route.js:145:7) Method: POST URL: /stripe/webhookstripe
2024-09-27 16:45:22 [error] Can't find /stripe/webhookstripe on the server 
Error: Can't find /stripe/webhookstripe on the server
    at file:///C:/Users/HP/Desktop/butchery-pos-backend/backend/server.js:138:17
    at Layer.handle [as handle_request] (C:\Users\HP\Desktop\butchery-pos-backend\backend\node_modules\express\lib\router\layer.js:95:5)
    at next (C:\Users\HP\Desktop\butchery-pos-backend\backend\node_modules\express\lib\router\route.js:149:13)
    at next (C:\Users\HP\Desktop\butchery-pos-backend\backend\node_modules\express\lib\router\route.js:145:7)
    at next (C:\Users\HP\Desktop\butchery-pos-backend\backend\node_modules\express\lib\router\route.js:145:7)
    at next (C:\Users\HP\Desktop\butchery-pos-backend\backend\node_modules\express\lib\router\route.js:145:7)
    at next (C:\Users\HP\Desktop\butchery-pos-backend\backend\node_modules\express\lib\router\route.js:145:7)
    at next (C:\Users\HP\Desktop\butchery-pos-backend\backend\node_modules\express\lib\router\route.js:145:7)
    at next (C:\Users\HP\Desktop\butchery-pos-backend\backend\node_modules\express\lib\router\route.js:145:7)
    at next (C:\Users\HP\Desktop\butchery-pos-backend\backend\node_modules\express\lib\router\route.js:145:7) Method: POST URL: /stripe/webhookstripe
2024-09-28 13:13:33 [error] customerEmail is not defined 
ReferenceError: customerEmail is not defined
    at stripeWebhook (file:///C:/Users/HP/Desktop/butchery-pos-backend/backend/api/controllers/stripe.js:183:19)
    at Layer.handle [as handle_request] (C:\Users\HP\Desktop\butchery-pos-backend\backend\node_modules\express\lib\router\layer.js:95:5)
    at next (C:\Users\HP\Desktop\butchery-pos-backend\backend\node_modules\express\lib\router\route.js:149:13)
    at Route.dispatch (C:\Users\HP\Desktop\butchery-pos-backend\backend\node_modules\express\lib\router\route.js:119:3)
    at Layer.handle [as handle_request] (C:\Users\HP\Desktop\butchery-pos-backend\backend\node_modules\express\lib\router\layer.js:95:5)
    at C:\Users\HP\Desktop\butchery-pos-backend\backend\node_modules\express\lib\router\index.js:284:15
    at Function.process_params (C:\Users\HP\Desktop\butchery-pos-backend\backend\node_modules\express\lib\router\index.js:346:12)
    at next (C:\Users\HP\Desktop\butchery-pos-backend\backend\node_modules\express\lib\router\index.js:280:10)
    at Function.handle (C:\Users\HP\Desktop\butchery-pos-backend\backend\node_modules\express\lib\router\index.js:175:3)
    at router (C:\Users\HP\Desktop\butchery-pos-backend\backend\node_modules\express\lib\router\index.js:47:12) Method: POST URL: /stripe/webhook
2024-09-28 13:14:05 [error] customerEmail is not defined 
ReferenceError: customerEmail is not defined
    at stripeWebhook (file:///C:/Users/HP/Desktop/butchery-pos-backend/backend/api/controllers/stripe.js:183:19)
    at Layer.handle [as handle_request] (C:\Users\HP\Desktop\butchery-pos-backend\backend\node_modules\express\lib\router\layer.js:95:5)
    at next (C:\Users\HP\Desktop\butchery-pos-backend\backend\node_modules\express\lib\router\route.js:149:13)
    at Route.dispatch (C:\Users\HP\Desktop\butchery-pos-backend\backend\node_modules\express\lib\router\route.js:119:3)
    at Layer.handle [as handle_request] (C:\Users\HP\Desktop\butchery-pos-backend\backend\node_modules\express\lib\router\layer.js:95:5)
    at C:\Users\HP\Desktop\butchery-pos-backend\backend\node_modules\express\lib\router\index.js:284:15
    at Function.process_params (C:\Users\HP\Desktop\butchery-pos-backend\backend\node_modules\express\lib\router\index.js:346:12)
    at next (C:\Users\HP\Desktop\butchery-pos-backend\backend\node_modules\express\lib\router\index.js:280:10)
    at Function.handle (C:\Users\HP\Desktop\butchery-pos-backend\backend\node_modules\express\lib\router\index.js:175:3)
    at router (C:\Users\HP\Desktop\butchery-pos-backend\backend\node_modules\express\lib\router\index.js:47:12) Method: POST URL: /stripe/webhook
2024-09-28 13:14:05 [error] customerEmail is not defined 
ReferenceError: customerEmail is not defined
    at stripeWebhook (file:///C:/Users/HP/Desktop/butchery-pos-backend/backend/api/controllers/stripe.js:183:19)
    at Layer.handle [as handle_request] (C:\Users\HP\Desktop\butchery-pos-backend\backend\node_modules\express\lib\router\layer.js:95:5)
    at next (C:\Users\HP\Desktop\butchery-pos-backend\backend\node_modules\express\lib\router\route.js:149:13)
    at Route.dispatch (C:\Users\HP\Desktop\butchery-pos-backend\backend\node_modules\express\lib\router\route.js:119:3)
    at Layer.handle [as handle_request] (C:\Users\HP\Desktop\butchery-pos-backend\backend\node_modules\express\lib\router\layer.js:95:5)
    at C:\Users\HP\Desktop\butchery-pos-backend\backend\node_modules\express\lib\router\index.js:284:15
    at Function.process_params (C:\Users\HP\Desktop\butchery-pos-backend\backend\node_modules\express\lib\router\index.js:346:12)
    at next (C:\Users\HP\Desktop\butchery-pos-backend\backend\node_modules\express\lib\router\index.js:280:10)
    at Function.handle (C:\Users\HP\Desktop\butchery-pos-backend\backend\node_modules\express\lib\router\index.js:175:3)
    at router (C:\Users\HP\Desktop\butchery-pos-backend\backend\node_modules\express\lib\router\index.js:47:12) Method: POST URL: /stripe/webhook
2024-09-28 13:14:06 [error] customerEmail is not defined 
ReferenceError: customerEmail is not defined
    at stripeWebhook (file:///C:/Users/HP/Desktop/butchery-pos-backend/backend/api/controllers/stripe.js:183:19)
    at Layer.handle [as handle_request] (C:\Users\HP\Desktop\butchery-pos-backend\backend\node_modules\express\lib\router\layer.js:95:5)
    at next (C:\Users\HP\Desktop\butchery-pos-backend\backend\node_modules\express\lib\router\route.js:149:13)
    at Route.dispatch (C:\Users\HP\Desktop\butchery-pos-backend\backend\node_modules\express\lib\router\route.js:119:3)
    at Layer.handle [as handle_request] (C:\Users\HP\Desktop\butchery-pos-backend\backend\node_modules\express\lib\router\layer.js:95:5)
    at C:\Users\HP\Desktop\butchery-pos-backend\backend\node_modules\express\lib\router\index.js:284:15
    at Function.process_params (C:\Users\HP\Desktop\butchery-pos-backend\backend\node_modules\express\lib\router\index.js:346:12)
    at next (C:\Users\HP\Desktop\butchery-pos-backend\backend\node_modules\express\lib\router\index.js:280:10)
    at Function.handle (C:\Users\HP\Desktop\butchery-pos-backend\backend\node_modules\express\lib\router\index.js:175:3)
    at router (C:\Users\HP\Desktop\butchery-pos-backend\backend\node_modules\express\lib\router\index.js:47:12) Method: POST URL: /stripe/webhook
2024-09-28 13:14:06 [error] customerEmail is not defined 
ReferenceError: customerEmail is not defined
    at stripeWebhook (file:///C:/Users/HP/Desktop/butchery-pos-backend/backend/api/controllers/stripe.js:183:19)
    at Layer.handle [as handle_request] (C:\Users\HP\Desktop\butchery-pos-backend\backend\node_modules\express\lib\router\layer.js:95:5)
    at next (C:\Users\HP\Desktop\butchery-pos-backend\backend\node_modules\express\lib\router\route.js:149:13)
    at Route.dispatch (C:\Users\HP\Desktop\butchery-pos-backend\backend\node_modules\express\lib\router\route.js:119:3)
    at Layer.handle [as handle_request] (C:\Users\HP\Desktop\butchery-pos-backend\backend\node_modules\express\lib\router\layer.js:95:5)
    at C:\Users\HP\Desktop\butchery-pos-backend\backend\node_modules\express\lib\router\index.js:284:15
    at Function.process_params (C:\Users\HP\Desktop\butchery-pos-backend\backend\node_modules\express\lib\router\index.js:346:12)
    at next (C:\Users\HP\Desktop\butchery-pos-backend\backend\node_modules\express\lib\router\index.js:280:10)
    at Function.handle (C:\Users\HP\Desktop\butchery-pos-backend\backend\node_modules\express\lib\router\index.js:175:3)
    at router (C:\Users\HP\Desktop\butchery-pos-backend\backend\node_modules\express\lib\router\index.js:47:12) Method: POST URL: /stripe/webhook
2024-09-28 13:14:06 [error] customerEmail is not defined 
ReferenceError: customerEmail is not defined
    at stripeWebhook (file:///C:/Users/HP/Desktop/butchery-pos-backend/backend/api/controllers/stripe.js:183:19)
    at Layer.handle [as handle_request] (C:\Users\HP\Desktop\butchery-pos-backend\backend\node_modules\express\lib\router\layer.js:95:5)
    at next (C:\Users\HP\Desktop\butchery-pos-backend\backend\node_modules\express\lib\router\route.js:149:13)
    at Route.dispatch (C:\Users\HP\Desktop\butchery-pos-backend\backend\node_modules\express\lib\router\route.js:119:3)
    at Layer.handle [as handle_request] (C:\Users\HP\Desktop\butchery-pos-backend\backend\node_modules\express\lib\router\layer.js:95:5)
    at C:\Users\HP\Desktop\butchery-pos-backend\backend\node_modules\express\lib\router\index.js:284:15
    at Function.process_params (C:\Users\HP\Desktop\butchery-pos-backend\backend\node_modules\express\lib\router\index.js:346:12)
    at next (C:\Users\HP\Desktop\butchery-pos-backend\backend\node_modules\express\lib\router\index.js:280:10)
    at Function.handle (C:\Users\HP\Desktop\butchery-pos-backend\backend\node_modules\express\lib\router\index.js:175:3)
    at router (C:\Users\HP\Desktop\butchery-pos-backend\backend\node_modules\express\lib\router\index.js:47:12) Method: POST URL: /stripe/webhook
2024-09-28 13:14:08 [error] customerEmail is not defined 
ReferenceError: customerEmail is not defined
    at stripeWebhook (file:///C:/Users/HP/Desktop/butchery-pos-backend/backend/api/controllers/stripe.js:183:19)
    at Layer.handle [as handle_request] (C:\Users\HP\Desktop\butchery-pos-backend\backend\node_modules\express\lib\router\layer.js:95:5)
    at next (C:\Users\HP\Desktop\butchery-pos-backend\backend\node_modules\express\lib\router\route.js:149:13)
    at Route.dispatch (C:\Users\HP\Desktop\butchery-pos-backend\backend\node_modules\express\lib\router\route.js:119:3)
    at Layer.handle [as handle_request] (C:\Users\HP\Desktop\butchery-pos-backend\backend\node_modules\express\lib\router\layer.js:95:5)
    at C:\Users\HP\Desktop\butchery-pos-backend\backend\node_modules\express\lib\router\index.js:284:15
    at Function.process_params (C:\Users\HP\Desktop\butchery-pos-backend\backend\node_modules\express\lib\router\index.js:346:12)
    at next (C:\Users\HP\Desktop\butchery-pos-backend\backend\node_modules\express\lib\router\index.js:280:10)
    at Function.handle (C:\Users\HP\Desktop\butchery-pos-backend\backend\node_modules\express\lib\router\index.js:175:3)
    at router (C:\Users\HP\Desktop\butchery-pos-backend\backend\node_modules\express\lib\router\index.js:47:12) Method: POST URL: /stripe/webhook
2024-09-28 13:27:41 [error] Invalid left-hand side in assignment 
ReferenceError: Invalid left-hand side in assignment
    at stripeWebhook (file:///C:/Users/HP/Desktop/butchery-pos-backend/backend/api/controllers/stripe.js:182:13)
    at Layer.handle [as handle_request] (C:\Users\HP\Desktop\butchery-pos-backend\backend\node_modules\express\lib\router\layer.js:95:5)
    at next (C:\Users\HP\Desktop\butchery-pos-backend\backend\node_modules\express\lib\router\route.js:149:13)
    at Route.dispatch (C:\Users\HP\Desktop\butchery-pos-backend\backend\node_modules\express\lib\router\route.js:119:3)
    at Layer.handle [as handle_request] (C:\Users\HP\Desktop\butchery-pos-backend\backend\node_modules\express\lib\router\layer.js:95:5)
    at C:\Users\HP\Desktop\butchery-pos-backend\backend\node_modules\express\lib\router\index.js:284:15
    at Function.process_params (C:\Users\HP\Desktop\butchery-pos-backend\backend\node_modules\express\lib\router\index.js:346:12)
    at next (C:\Users\HP\Desktop\butchery-pos-backend\backend\node_modules\express\lib\router\index.js:280:10)
    at Function.handle (C:\Users\HP\Desktop\butchery-pos-backend\backend\node_modules\express\lib\router\index.js:175:3)
    at router (C:\Users\HP\Desktop\butchery-pos-backend\backend\node_modules\express\lib\router\index.js:47:12) Method: POST URL: /stripe/webhook
2024-09-28 13:28:22 [error] Invalid left-hand side in assignment 
ReferenceError: Invalid left-hand side in assignment
    at stripeWebhook (file:///C:/Users/HP/Desktop/butchery-pos-backend/backend/api/controllers/stripe.js:182:13)
    at Layer.handle [as handle_request] (C:\Users\HP\Desktop\butchery-pos-backend\backend\node_modules\express\lib\router\layer.js:95:5)
    at next (C:\Users\HP\Desktop\butchery-pos-backend\backend\node_modules\express\lib\router\route.js:149:13)
    at Route.dispatch (C:\Users\HP\Desktop\butchery-pos-backend\backend\node_modules\express\lib\router\route.js:119:3)
    at Layer.handle [as handle_request] (C:\Users\HP\Desktop\butchery-pos-backend\backend\node_modules\express\lib\router\layer.js:95:5)
    at C:\Users\HP\Desktop\butchery-pos-backend\backend\node_modules\express\lib\router\index.js:284:15
    at Function.process_params (C:\Users\HP\Desktop\butchery-pos-backend\backend\node_modules\express\lib\router\index.js:346:12)
    at next (C:\Users\HP\Desktop\butchery-pos-backend\backend\node_modules\express\lib\router\index.js:280:10)
    at Function.handle (C:\Users\HP\Desktop\butchery-pos-backend\backend\node_modules\express\lib\router\index.js:175:3)
    at router (C:\Users\HP\Desktop\butchery-pos-backend\backend\node_modules\express\lib\router\index.js:47:12) Method: POST URL: /stripe/webhook
2024-09-28 13:28:22 [error] Invalid left-hand side in assignment 
ReferenceError: Invalid left-hand side in assignment
    at stripeWebhook (file:///C:/Users/HP/Desktop/butchery-pos-backend/backend/api/controllers/stripe.js:182:13)
    at Layer.handle [as handle_request] (C:\Users\HP\Desktop\butchery-pos-backend\backend\node_modules\express\lib\router\layer.js:95:5)
    at next (C:\Users\HP\Desktop\butchery-pos-backend\backend\node_modules\express\lib\router\route.js:149:13)
    at Route.dispatch (C:\Users\HP\Desktop\butchery-pos-backend\backend\node_modules\express\lib\router\route.js:119:3)
    at Layer.handle [as handle_request] (C:\Users\HP\Desktop\butchery-pos-backend\backend\node_modules\express\lib\router\layer.js:95:5)
    at C:\Users\HP\Desktop\butchery-pos-backend\backend\node_modules\express\lib\router\index.js:284:15
    at Function.process_params (C:\Users\HP\Desktop\butchery-pos-backend\backend\node_modules\express\lib\router\index.js:346:12)
    at next (C:\Users\HP\Desktop\butchery-pos-backend\backend\node_modules\express\lib\router\index.js:280:10)
    at Function.handle (C:\Users\HP\Desktop\butchery-pos-backend\backend\node_modules\express\lib\router\index.js:175:3)
    at router (C:\Users\HP\Desktop\butchery-pos-backend\backend\node_modules\express\lib\router\index.js:47:12) Method: POST URL: /stripe/webhook
2024-09-28 13:28:22 [error] Invalid left-hand side in assignment 
ReferenceError: Invalid left-hand side in assignment
    at stripeWebhook (file:///C:/Users/HP/Desktop/butchery-pos-backend/backend/api/controllers/stripe.js:182:13)
    at Layer.handle [as handle_request] (C:\Users\HP\Desktop\butchery-pos-backend\backend\node_modules\express\lib\router\layer.js:95:5)
    at next (C:\Users\HP\Desktop\butchery-pos-backend\backend\node_modules\express\lib\router\route.js:149:13)
    at Route.dispatch (C:\Users\HP\Desktop\butchery-pos-backend\backend\node_modules\express\lib\router\route.js:119:3)
    at Layer.handle [as handle_request] (C:\Users\HP\Desktop\butchery-pos-backend\backend\node_modules\express\lib\router\layer.js:95:5)
    at C:\Users\HP\Desktop\butchery-pos-backend\backend\node_modules\express\lib\router\index.js:284:15
    at Function.process_params (C:\Users\HP\Desktop\butchery-pos-backend\backend\node_modules\express\lib\router\index.js:346:12)
    at next (C:\Users\HP\Desktop\butchery-pos-backend\backend\node_modules\express\lib\router\index.js:280:10)
    at Function.handle (C:\Users\HP\Desktop\butchery-pos-backend\backend\node_modules\express\lib\router\index.js:175:3)
    at router (C:\Users\HP\Desktop\butchery-pos-backend\backend\node_modules\express\lib\router\index.js:47:12) Method: POST URL: /stripe/webhook
2024-09-28 13:28:22 [error] Invalid left-hand side in assignment 
ReferenceError: Invalid left-hand side in assignment
    at stripeWebhook (file:///C:/Users/HP/Desktop/butchery-pos-backend/backend/api/controllers/stripe.js:182:13)
    at Layer.handle [as handle_request] (C:\Users\HP\Desktop\butchery-pos-backend\backend\node_modules\express\lib\router\layer.js:95:5)
    at next (C:\Users\HP\Desktop\butchery-pos-backend\backend\node_modules\express\lib\router\route.js:149:13)
    at Route.dispatch (C:\Users\HP\Desktop\butchery-pos-backend\backend\node_modules\express\lib\router\route.js:119:3)
    at Layer.handle [as handle_request] (C:\Users\HP\Desktop\butchery-pos-backend\backend\node_modules\express\lib\router\layer.js:95:5)
    at C:\Users\HP\Desktop\butchery-pos-backend\backend\node_modules\express\lib\router\index.js:284:15
    at Function.process_params (C:\Users\HP\Desktop\butchery-pos-backend\backend\node_modules\express\lib\router\index.js:346:12)
    at next (C:\Users\HP\Desktop\butchery-pos-backend\backend\node_modules\express\lib\router\index.js:280:10)
    at Function.handle (C:\Users\HP\Desktop\butchery-pos-backend\backend\node_modules\express\lib\router\index.js:175:3)
    at router (C:\Users\HP\Desktop\butchery-pos-backend\backend\node_modules\express\lib\router\index.js:47:12) Method: POST URL: /stripe/webhook
2024-09-28 13:28:22 [error] Invalid left-hand side in assignment 
ReferenceError: Invalid left-hand side in assignment
    at stripeWebhook (file:///C:/Users/HP/Desktop/butchery-pos-backend/backend/api/controllers/stripe.js:182:13)
    at Layer.handle [as handle_request] (C:\Users\HP\Desktop\butchery-pos-backend\backend\node_modules\express\lib\router\layer.js:95:5)
    at next (C:\Users\HP\Desktop\butchery-pos-backend\backend\node_modules\express\lib\router\route.js:149:13)
    at Route.dispatch (C:\Users\HP\Desktop\butchery-pos-backend\backend\node_modules\express\lib\router\route.js:119:3)
    at Layer.handle [as handle_request] (C:\Users\HP\Desktop\butchery-pos-backend\backend\node_modules\express\lib\router\layer.js:95:5)
    at C:\Users\HP\Desktop\butchery-pos-backend\backend\node_modules\express\lib\router\index.js:284:15
    at Function.process_params (C:\Users\HP\Desktop\butchery-pos-backend\backend\node_modules\express\lib\router\index.js:346:12)
    at next (C:\Users\HP\Desktop\butchery-pos-backend\backend\node_modules\express\lib\router\index.js:280:10)
    at Function.handle (C:\Users\HP\Desktop\butchery-pos-backend\backend\node_modules\express\lib\router\index.js:175:3)
    at router (C:\Users\HP\Desktop\butchery-pos-backend\backend\node_modules\express\lib\router\index.js:47:12) Method: POST URL: /stripe/webhook
2024-09-28 13:28:24 [error] Invalid left-hand side in assignment 
ReferenceError: Invalid left-hand side in assignment
    at stripeWebhook (file:///C:/Users/HP/Desktop/butchery-pos-backend/backend/api/controllers/stripe.js:182:13)
    at Layer.handle [as handle_request] (C:\Users\HP\Desktop\butchery-pos-backend\backend\node_modules\express\lib\router\layer.js:95:5)
    at next (C:\Users\HP\Desktop\butchery-pos-backend\backend\node_modules\express\lib\router\route.js:149:13)
    at Route.dispatch (C:\Users\HP\Desktop\butchery-pos-backend\backend\node_modules\express\lib\router\route.js:119:3)
    at Layer.handle [as handle_request] (C:\Users\HP\Desktop\butchery-pos-backend\backend\node_modules\express\lib\router\layer.js:95:5)
    at C:\Users\HP\Desktop\butchery-pos-backend\backend\node_modules\express\lib\router\index.js:284:15
    at Function.process_params (C:\Users\HP\Desktop\butchery-pos-backend\backend\node_modules\express\lib\router\index.js:346:12)
    at next (C:\Users\HP\Desktop\butchery-pos-backend\backend\node_modules\express\lib\router\index.js:280:10)
    at Function.handle (C:\Users\HP\Desktop\butchery-pos-backend\backend\node_modules\express\lib\router\index.js:175:3)
    at router (C:\Users\HP\Desktop\butchery-pos-backend\backend\node_modules\express\lib\router\index.js:47:12) Method: POST URL: /stripe/webhook
2024-09-28 16:26:04 [error] Can't find /stripe/webhookstripe on the server 
Error: Can't find /stripe/webhookstripe on the server
    at file:///C:/Users/HP/Desktop/butchery-pos-backend/backend/server.js:138:17
    at Layer.handle [as handle_request] (C:\Users\HP\Desktop\butchery-pos-backend\backend\node_modules\express\lib\router\layer.js:95:5)
    at next (C:\Users\HP\Desktop\butchery-pos-backend\backend\node_modules\express\lib\router\route.js:149:13)
    at next (C:\Users\HP\Desktop\butchery-pos-backend\backend\node_modules\express\lib\router\route.js:145:7)
    at next (C:\Users\HP\Desktop\butchery-pos-backend\backend\node_modules\express\lib\router\route.js:145:7)
    at next (C:\Users\HP\Desktop\butchery-pos-backend\backend\node_modules\express\lib\router\route.js:145:7)
    at next (C:\Users\HP\Desktop\butchery-pos-backend\backend\node_modules\express\lib\router\route.js:145:7)
    at next (C:\Users\HP\Desktop\butchery-pos-backend\backend\node_modules\express\lib\router\route.js:145:7)
    at next (C:\Users\HP\Desktop\butchery-pos-backend\backend\node_modules\express\lib\router\route.js:145:7)
    at next (C:\Users\HP\Desktop\butchery-pos-backend\backend\node_modules\express\lib\router\route.js:145:7) Method: POST URL: /stripe/webhookstripe
2024-09-28 16:26:54 [error] Can't find /stripe/webhookstripe on the server 
Error: Can't find /stripe/webhookstripe on the server
    at file:///C:/Users/HP/Desktop/butchery-pos-backend/backend/server.js:138:17
    at Layer.handle [as handle_request] (C:\Users\HP\Desktop\butchery-pos-backend\backend\node_modules\express\lib\router\layer.js:95:5)
    at next (C:\Users\HP\Desktop\butchery-pos-backend\backend\node_modules\express\lib\router\route.js:149:13)
    at next (C:\Users\HP\Desktop\butchery-pos-backend\backend\node_modules\express\lib\router\route.js:145:7)
    at next (C:\Users\HP\Desktop\butchery-pos-backend\backend\node_modules\express\lib\router\route.js:145:7)
    at next (C:\Users\HP\Desktop\butchery-pos-backend\backend\node_modules\express\lib\router\route.js:145:7)
    at next (C:\Users\HP\Desktop\butchery-pos-backend\backend\node_modules\express\lib\router\route.js:145:7)
    at next (C:\Users\HP\Desktop\butchery-pos-backend\backend\node_modules\express\lib\router\route.js:145:7)
    at next (C:\Users\HP\Desktop\butchery-pos-backend\backend\node_modules\express\lib\router\route.js:145:7)
    at next (C:\Users\HP\Desktop\butchery-pos-backend\backend\node_modules\express\lib\router\route.js:145:7) Method: POST URL: /stripe/webhookstripe
2024-09-28 16:26:54 [error] Can't find /stripe/webhookstripe on the server 
Error: Can't find /stripe/webhookstripe on the server
    at file:///C:/Users/HP/Desktop/butchery-pos-backend/backend/server.js:138:17
    at Layer.handle [as handle_request] (C:\Users\HP\Desktop\butchery-pos-backend\backend\node_modules\express\lib\router\layer.js:95:5)
    at next (C:\Users\HP\Desktop\butchery-pos-backend\backend\node_modules\express\lib\router\route.js:149:13)
    at next (C:\Users\HP\Desktop\butchery-pos-backend\backend\node_modules\express\lib\router\route.js:145:7)
    at next (C:\Users\HP\Desktop\butchery-pos-backend\backend\node_modules\express\lib\router\route.js:145:7)
    at next (C:\Users\HP\Desktop\butchery-pos-backend\backend\node_modules\express\lib\router\route.js:145:7)
    at next (C:\Users\HP\Desktop\butchery-pos-backend\backend\node_modules\express\lib\router\route.js:145:7)
    at next (C:\Users\HP\Desktop\butchery-pos-backend\backend\node_modules\express\lib\router\route.js:145:7)
    at next (C:\Users\HP\Desktop\butchery-pos-backend\backend\node_modules\express\lib\router\route.js:145:7)
    at next (C:\Users\HP\Desktop\butchery-pos-backend\backend\node_modules\express\lib\router\route.js:145:7) Method: POST URL: /stripe/webhookstripe
2024-09-28 16:26:54 [error] Can't find /stripe/webhookstripe on the server 
Error: Can't find /stripe/webhookstripe on the server
    at file:///C:/Users/HP/Desktop/butchery-pos-backend/backend/server.js:138:17
    at Layer.handle [as handle_request] (C:\Users\HP\Desktop\butchery-pos-backend\backend\node_modules\express\lib\router\layer.js:95:5)
    at next (C:\Users\HP\Desktop\butchery-pos-backend\backend\node_modules\express\lib\router\route.js:149:13)
    at next (C:\Users\HP\Desktop\butchery-pos-backend\backend\node_modules\express\lib\router\route.js:145:7)
    at next (C:\Users\HP\Desktop\butchery-pos-backend\backend\node_modules\express\lib\router\route.js:145:7)
    at next (C:\Users\HP\Desktop\butchery-pos-backend\backend\node_modules\express\lib\router\route.js:145:7)
    at next (C:\Users\HP\Desktop\butchery-pos-backend\backend\node_modules\express\lib\router\route.js:145:7)
    at next (C:\Users\HP\Desktop\butchery-pos-backend\backend\node_modules\express\lib\router\route.js:145:7)
    at next (C:\Users\HP\Desktop\butchery-pos-backend\backend\node_modules\express\lib\router\route.js:145:7)
    at next (C:\Users\HP\Desktop\butchery-pos-backend\backend\node_modules\express\lib\router\route.js:145:7) Method: POST URL: /stripe/webhookstripe
2024-09-28 16:26:54 [error] Can't find /stripe/webhookstripe on the server 
Error: Can't find /stripe/webhookstripe on the server
    at file:///C:/Users/HP/Desktop/butchery-pos-backend/backend/server.js:138:17
    at Layer.handle [as handle_request] (C:\Users\HP\Desktop\butchery-pos-backend\backend\node_modules\express\lib\router\layer.js:95:5)
    at next (C:\Users\HP\Desktop\butchery-pos-backend\backend\node_modules\express\lib\router\route.js:149:13)
    at next (C:\Users\HP\Desktop\butchery-pos-backend\backend\node_modules\express\lib\router\route.js:145:7)
    at next (C:\Users\HP\Desktop\butchery-pos-backend\backend\node_modules\express\lib\router\route.js:145:7)
    at next (C:\Users\HP\Desktop\butchery-pos-backend\backend\node_modules\express\lib\router\route.js:145:7)
    at next (C:\Users\HP\Desktop\butchery-pos-backend\backend\node_modules\express\lib\router\route.js:145:7)
    at next (C:\Users\HP\Desktop\butchery-pos-backend\backend\node_modules\express\lib\router\route.js:145:7)
    at next (C:\Users\HP\Desktop\butchery-pos-backend\backend\node_modules\express\lib\router\route.js:145:7)
    at next (C:\Users\HP\Desktop\butchery-pos-backend\backend\node_modules\express\lib\router\route.js:145:7) Method: POST URL: /stripe/webhookstripe
2024-09-28 16:26:54 [error] Can't find /stripe/webhookstripe on the server 
Error: Can't find /stripe/webhookstripe on the server
    at file:///C:/Users/HP/Desktop/butchery-pos-backend/backend/server.js:138:17
    at Layer.handle [as handle_request] (C:\Users\HP\Desktop\butchery-pos-backend\backend\node_modules\express\lib\router\layer.js:95:5)
    at next (C:\Users\HP\Desktop\butchery-pos-backend\backend\node_modules\express\lib\router\route.js:149:13)
    at next (C:\Users\HP\Desktop\butchery-pos-backend\backend\node_modules\express\lib\router\route.js:145:7)
    at next (C:\Users\HP\Desktop\butchery-pos-backend\backend\node_modules\express\lib\router\route.js:145:7)
    at next (C:\Users\HP\Desktop\butchery-pos-backend\backend\node_modules\express\lib\router\route.js:145:7)
    at next (C:\Users\HP\Desktop\butchery-pos-backend\backend\node_modules\express\lib\router\route.js:145:7)
    at next (C:\Users\HP\Desktop\butchery-pos-backend\backend\node_modules\express\lib\router\route.js:145:7)
    at next (C:\Users\HP\Desktop\butchery-pos-backend\backend\node_modules\express\lib\router\route.js:145:7)
    at next (C:\Users\HP\Desktop\butchery-pos-backend\backend\node_modules\express\lib\router\route.js:145:7) Method: POST URL: /stripe/webhookstripe
2024-09-28 16:26:56 [error] Can't find /stripe/webhookstripe on the server 
Error: Can't find /stripe/webhookstripe on the server
    at file:///C:/Users/HP/Desktop/butchery-pos-backend/backend/server.js:138:17
    at Layer.handle [as handle_request] (C:\Users\HP\Desktop\butchery-pos-backend\backend\node_modules\express\lib\router\layer.js:95:5)
    at next (C:\Users\HP\Desktop\butchery-pos-backend\backend\node_modules\express\lib\router\route.js:149:13)
    at next (C:\Users\HP\Desktop\butchery-pos-backend\backend\node_modules\express\lib\router\route.js:145:7)
    at next (C:\Users\HP\Desktop\butchery-pos-backend\backend\node_modules\express\lib\router\route.js:145:7)
    at next (C:\Users\HP\Desktop\butchery-pos-backend\backend\node_modules\express\lib\router\route.js:145:7)
    at next (C:\Users\HP\Desktop\butchery-pos-backend\backend\node_modules\express\lib\router\route.js:145:7)
    at next (C:\Users\HP\Desktop\butchery-pos-backend\backend\node_modules\express\lib\router\route.js:145:7)
    at next (C:\Users\HP\Desktop\butchery-pos-backend\backend\node_modules\express\lib\router\route.js:145:7)
    at next (C:\Users\HP\Desktop\butchery-pos-backend\backend\node_modules\express\lib\router\route.js:145:7) Method: POST URL: /stripe/webhookstripe
2024-09-28 17:56:27 [error] data is not defined 
ReferenceError: data is not defined
    at stripeWebhook (file:///C:/Users/HP/Desktop/butchery-pos-backend/backend/api/controllers/stripe.js:176:11)
    at Layer.handle [as handle_request] (C:\Users\HP\Desktop\butchery-pos-backend\backend\node_modules\express\lib\router\layer.js:95:5)
    at next (C:\Users\HP\Desktop\butchery-pos-backend\backend\node_modules\express\lib\router\route.js:149:13)
    at Route.dispatch (C:\Users\HP\Desktop\butchery-pos-backend\backend\node_modules\express\lib\router\route.js:119:3)
    at Layer.handle [as handle_request] (C:\Users\HP\Desktop\butchery-pos-backend\backend\node_modules\express\lib\router\layer.js:95:5)
    at C:\Users\HP\Desktop\butchery-pos-backend\backend\node_modules\express\lib\router\index.js:284:15
    at Function.process_params (C:\Users\HP\Desktop\butchery-pos-backend\backend\node_modules\express\lib\router\index.js:346:12)
    at next (C:\Users\HP\Desktop\butchery-pos-backend\backend\node_modules\express\lib\router\index.js:280:10)
    at Function.handle (C:\Users\HP\Desktop\butchery-pos-backend\backend\node_modules\express\lib\router\index.js:175:3)
    at router (C:\Users\HP\Desktop\butchery-pos-backend\backend\node_modules\express\lib\router\index.js:47:12) Method: POST URL: /stripe/webhook
2024-09-28 17:57:19 [error] data is not defined 
ReferenceError: data is not defined
    at stripeWebhook (file:///C:/Users/HP/Desktop/butchery-pos-backend/backend/api/controllers/stripe.js:176:11)
    at Layer.handle [as handle_request] (C:\Users\HP\Desktop\butchery-pos-backend\backend\node_modules\express\lib\router\layer.js:95:5)
    at next (C:\Users\HP\Desktop\butchery-pos-backend\backend\node_modules\express\lib\router\route.js:149:13)
    at Route.dispatch (C:\Users\HP\Desktop\butchery-pos-backend\backend\node_modules\express\lib\router\route.js:119:3)
    at Layer.handle [as handle_request] (C:\Users\HP\Desktop\butchery-pos-backend\backend\node_modules\express\lib\router\layer.js:95:5)
    at C:\Users\HP\Desktop\butchery-pos-backend\backend\node_modules\express\lib\router\index.js:284:15
    at Function.process_params (C:\Users\HP\Desktop\butchery-pos-backend\backend\node_modules\express\lib\router\index.js:346:12)
    at next (C:\Users\HP\Desktop\butchery-pos-backend\backend\node_modules\express\lib\router\index.js:280:10)
    at Function.handle (C:\Users\HP\Desktop\butchery-pos-backend\backend\node_modules\express\lib\router\index.js:175:3)
    at router (C:\Users\HP\Desktop\butchery-pos-backend\backend\node_modules\express\lib\router\index.js:47:12) Method: POST URL: /stripe/webhook
2024-09-28 17:57:19 [error] data is not defined 
ReferenceError: data is not defined
    at stripeWebhook (file:///C:/Users/HP/Desktop/butchery-pos-backend/backend/api/controllers/stripe.js:176:11)
    at Layer.handle [as handle_request] (C:\Users\HP\Desktop\butchery-pos-backend\backend\node_modules\express\lib\router\layer.js:95:5)
    at next (C:\Users\HP\Desktop\butchery-pos-backend\backend\node_modules\express\lib\router\route.js:149:13)
    at Route.dispatch (C:\Users\HP\Desktop\butchery-pos-backend\backend\node_modules\express\lib\router\route.js:119:3)
    at Layer.handle [as handle_request] (C:\Users\HP\Desktop\butchery-pos-backend\backend\node_modules\express\lib\router\layer.js:95:5)
    at C:\Users\HP\Desktop\butchery-pos-backend\backend\node_modules\express\lib\router\index.js:284:15
    at Function.process_params (C:\Users\HP\Desktop\butchery-pos-backend\backend\node_modules\express\lib\router\index.js:346:12)
    at next (C:\Users\HP\Desktop\butchery-pos-backend\backend\node_modules\express\lib\router\index.js:280:10)
    at Function.handle (C:\Users\HP\Desktop\butchery-pos-backend\backend\node_modules\express\lib\router\index.js:175:3)
    at router (C:\Users\HP\Desktop\butchery-pos-backend\backend\node_modules\express\lib\router\index.js:47:12) Method: POST URL: /stripe/webhook
2024-09-28 17:57:19 [error] data is not defined 
ReferenceError: data is not defined
    at stripeWebhook (file:///C:/Users/HP/Desktop/butchery-pos-backend/backend/api/controllers/stripe.js:176:11)
    at Layer.handle [as handle_request] (C:\Users\HP\Desktop\butchery-pos-backend\backend\node_modules\express\lib\router\layer.js:95:5)
    at next (C:\Users\HP\Desktop\butchery-pos-backend\backend\node_modules\express\lib\router\route.js:149:13)
    at Route.dispatch (C:\Users\HP\Desktop\butchery-pos-backend\backend\node_modules\express\lib\router\route.js:119:3)
    at Layer.handle [as handle_request] (C:\Users\HP\Desktop\butchery-pos-backend\backend\node_modules\express\lib\router\layer.js:95:5)
    at C:\Users\HP\Desktop\butchery-pos-backend\backend\node_modules\express\lib\router\index.js:284:15
    at Function.process_params (C:\Users\HP\Desktop\butchery-pos-backend\backend\node_modules\express\lib\router\index.js:346:12)
    at next (C:\Users\HP\Desktop\butchery-pos-backend\backend\node_modules\express\lib\router\index.js:280:10)
    at Function.handle (C:\Users\HP\Desktop\butchery-pos-backend\backend\node_modules\express\lib\router\index.js:175:3)
    at router (C:\Users\HP\Desktop\butchery-pos-backend\backend\node_modules\express\lib\router\index.js:47:12) Method: POST URL: /stripe/webhook
2024-09-28 17:57:19 [error] data is not defined 
ReferenceError: data is not defined
    at stripeWebhook (file:///C:/Users/HP/Desktop/butchery-pos-backend/backend/api/controllers/stripe.js:176:11)
    at Layer.handle [as handle_request] (C:\Users\HP\Desktop\butchery-pos-backend\backend\node_modules\express\lib\router\layer.js:95:5)
    at next (C:\Users\HP\Desktop\butchery-pos-backend\backend\node_modules\express\lib\router\route.js:149:13)
    at Route.dispatch (C:\Users\HP\Desktop\butchery-pos-backend\backend\node_modules\express\lib\router\route.js:119:3)
    at Layer.handle [as handle_request] (C:\Users\HP\Desktop\butchery-pos-backend\backend\node_modules\express\lib\router\layer.js:95:5)
    at C:\Users\HP\Desktop\butchery-pos-backend\backend\node_modules\express\lib\router\index.js:284:15
    at Function.process_params (C:\Users\HP\Desktop\butchery-pos-backend\backend\node_modules\express\lib\router\index.js:346:12)
    at next (C:\Users\HP\Desktop\butchery-pos-backend\backend\node_modules\express\lib\router\index.js:280:10)
    at Function.handle (C:\Users\HP\Desktop\butchery-pos-backend\backend\node_modules\express\lib\router\index.js:175:3)
    at router (C:\Users\HP\Desktop\butchery-pos-backend\backend\node_modules\express\lib\router\index.js:47:12) Method: POST URL: /stripe/webhook
2024-09-28 17:57:19 [error] data is not defined 
ReferenceError: data is not defined
    at stripeWebhook (file:///C:/Users/HP/Desktop/butchery-pos-backend/backend/api/controllers/stripe.js:176:11)
    at Layer.handle [as handle_request] (C:\Users\HP\Desktop\butchery-pos-backend\backend\node_modules\express\lib\router\layer.js:95:5)
    at next (C:\Users\HP\Desktop\butchery-pos-backend\backend\node_modules\express\lib\router\route.js:149:13)
    at Route.dispatch (C:\Users\HP\Desktop\butchery-pos-backend\backend\node_modules\express\lib\router\route.js:119:3)
    at Layer.handle [as handle_request] (C:\Users\HP\Desktop\butchery-pos-backend\backend\node_modules\express\lib\router\layer.js:95:5)
    at C:\Users\HP\Desktop\butchery-pos-backend\backend\node_modules\express\lib\router\index.js:284:15
    at Function.process_params (C:\Users\HP\Desktop\butchery-pos-backend\backend\node_modules\express\lib\router\index.js:346:12)
    at next (C:\Users\HP\Desktop\butchery-pos-backend\backend\node_modules\express\lib\router\index.js:280:10)
    at Function.handle (C:\Users\HP\Desktop\butchery-pos-backend\backend\node_modules\express\lib\router\index.js:175:3)
    at router (C:\Users\HP\Desktop\butchery-pos-backend\backend\node_modules\express\lib\router\index.js:47:12) Method: POST URL: /stripe/webhook
2024-09-28 17:57:21 [error] data is not defined 
ReferenceError: data is not defined
    at stripeWebhook (file:///C:/Users/HP/Desktop/butchery-pos-backend/backend/api/controllers/stripe.js:176:11)
    at Layer.handle [as handle_request] (C:\Users\HP\Desktop\butchery-pos-backend\backend\node_modules\express\lib\router\layer.js:95:5)
    at next (C:\Users\HP\Desktop\butchery-pos-backend\backend\node_modules\express\lib\router\route.js:149:13)
    at Route.dispatch (C:\Users\HP\Desktop\butchery-pos-backend\backend\node_modules\express\lib\router\route.js:119:3)
    at Layer.handle [as handle_request] (C:\Users\HP\Desktop\butchery-pos-backend\backend\node_modules\express\lib\router\layer.js:95:5)
    at C:\Users\HP\Desktop\butchery-pos-backend\backend\node_modules\express\lib\router\index.js:284:15
    at Function.process_params (C:\Users\HP\Desktop\butchery-pos-backend\backend\node_modules\express\lib\router\index.js:346:12)
    at next (C:\Users\HP\Desktop\butchery-pos-backend\backend\node_modules\express\lib\router\index.js:280:10)
    at Function.handle (C:\Users\HP\Desktop\butchery-pos-backend\backend\node_modules\express\lib\router\index.js:175:3)
    at router (C:\Users\HP\Desktop\butchery-pos-backend\backend\node_modules\express\lib\router\index.js:47:12) Method: POST URL: /stripe/webhook
2024-09-30 06:38:50 [error] Can't find /employees/logout on the server 
Error: Can't find /employees/logout on the server
    at file:///C:/Users/HP/Desktop/butchery-pos-backend/backend/server.js:140:17
    at Layer.handle [as handle_request] (C:\Users\HP\Desktop\butchery-pos-backend\backend\node_modules\express\lib\router\layer.js:95:5)
    at next (C:\Users\HP\Desktop\butchery-pos-backend\backend\node_modules\express\lib\router\route.js:149:13)
    at next (C:\Users\HP\Desktop\butchery-pos-backend\backend\node_modules\express\lib\router\route.js:145:7)
    at next (C:\Users\HP\Desktop\butchery-pos-backend\backend\node_modules\express\lib\router\route.js:145:7)
    at next (C:\Users\HP\Desktop\butchery-pos-backend\backend\node_modules\express\lib\router\route.js:145:7)
    at next (C:\Users\HP\Desktop\butchery-pos-backend\backend\node_modules\express\lib\router\route.js:145:7)
    at next (C:\Users\HP\Desktop\butchery-pos-backend\backend\node_modules\express\lib\router\route.js:145:7)
    at next (C:\Users\HP\Desktop\butchery-pos-backend\backend\node_modules\express\lib\router\route.js:145:7)
    at next (C:\Users\HP\Desktop\butchery-pos-backend\backend\node_modules\express\lib\router\route.js:145:7) Method: POST URL: /employees/logout
2024-09-30 09:07:35 [error] Error fetching orders: products is not defined 
Error: Error fetching orders: products is not defined
    at getOrdersByCustomerId (file:///C:/Users/HP/Desktop/butchery-pos-backend/backend/api/services/orderService.js:13:15)
    at process.processTicksAndRejections (node:internal/process/task_queues:95:5)
    at async file:///C:/Users/HP/Desktop/butchery-pos-backend/backend/api/controllers/customerOrders.js:9:24 Method: GET URL: /customers/6d592976-07bc-4747-b7c3-be326f3d9c35/orders
2024-09-30 09:30:56 [error] Error fetching orders: Parameter "filter" to find() must be an object, got "c700d2c0-9f02-41e8-b4e0-7c366749705a" (type object) 
Error: Error fetching orders: Parameter "filter" to find() must be an object, got "c700d2c0-9f02-41e8-b4e0-7c366749705a" (type object)
    at getOrdersByCustomerId (file:///C:/Users/HP/Desktop/butchery-pos-backend/backend/api/services/orderService.js:18:15)
    at process.processTicksAndRejections (node:internal/process/task_queues:95:5)
    at async file:///C:/Users/HP/Desktop/butchery-pos-backend/backend/api/controllers/customerOrders.js:9:24 Method: GET URL: /customers/6d592976-07bc-4747-b7c3-be326f3d9c35/orders
2024-09-30 09:39:32 [error] Error fetching orders: Cast to string failed for value "{ productId: [ 'c700d2c0-9f02-41e8-b4e0-7c366749705a' ] }" (type Object) at path "_id" for model "Stock" 
Error: Error fetching orders: Cast to string failed for value "{ productId: [ 'c700d2c0-9f02-41e8-b4e0-7c366749705a' ] }" (type Object) at path "_id" for model "Stock"
    at getOrdersByCustomerId (file:///C:/Users/HP/Desktop/butchery-pos-backend/backend/api/services/orderService.js:18:15)
    at process.processTicksAndRejections (node:internal/process/task_queues:95:5)
    at async file:///C:/Users/HP/Desktop/butchery-pos-backend/backend/api/controllers/customerOrders.js:9:24 Method: GET URL: /customers/6d592976-07bc-4747-b7c3-be326f3d9c35/orders
2024-09-30 09:42:12 [error] Error fetching orders: Parameter "filter" to findOne() must be an object, got "c700d2c0-9f02-41e8-b4e0-7c366749705a" (type object) 
Error: Error fetching orders: Parameter "filter" to findOne() must be an object, got "c700d2c0-9f02-41e8-b4e0-7c366749705a" (type object)
    at getOrdersByCustomerId (file:///C:/Users/HP/Desktop/butchery-pos-backend/backend/api/services/orderService.js:18:15)
    at process.processTicksAndRejections (node:internal/process/task_queues:95:5)
    at async file:///C:/Users/HP/Desktop/butchery-pos-backend/backend/api/controllers/customerOrders.js:9:24 Method: GET URL: /customers/6d592976-07bc-4747-b7c3-be326f3d9c35/orders
2024-09-30 09:44:43 [error] Error fetching orders: Parameter "filter" to find() must be an object, got "c700d2c0-9f02-41e8-b4e0-7c366749705a" (type object) 
Error: Error fetching orders: Parameter "filter" to find() must be an object, got "c700d2c0-9f02-41e8-b4e0-7c366749705a" (type object)
    at getOrdersByCustomerId (file:///C:/Users/HP/Desktop/butchery-pos-backend/backend/api/services/orderService.js:18:15)
    at process.processTicksAndRejections (node:internal/process/task_queues:95:5)
    at async file:///C:/Users/HP/Desktop/butchery-pos-backend/backend/api/controllers/customerOrders.js:9:24 Method: GET URL: /customers/6d592976-07bc-4747-b7c3-be326f3d9c35/orders
2024-09-30 09:46:28 [error] Error fetching orders: Parameter "filter" to find() must be an object, got "c700d2c0-9f02-41e8-b4e0-7c366749705a" (type object) 
Error: Error fetching orders: Parameter "filter" to find() must be an object, got "c700d2c0-9f02-41e8-b4e0-7c366749705a" (type object)
    at getOrdersByCustomerId (file:///C:/Users/HP/Desktop/butchery-pos-backend/backend/api/services/orderService.js:20:15)
    at process.processTicksAndRejections (node:internal/process/task_queues:95:5)
    at async file:///C:/Users/HP/Desktop/butchery-pos-backend/backend/api/controllers/customerOrders.js:9:24 Method: GET URL: /customers/6d592976-07bc-4747-b7c3-be326f3d9c35/orders
2024-09-30 09:51:17 [error] Error fetching orders: Parameter "filter" to find() must be an object, got "c700d2c0-9f02-41e8-b4e0-7c366749705a" (type object) 
Error: Error fetching orders: Parameter "filter" to find() must be an object, got "c700d2c0-9f02-41e8-b4e0-7c366749705a" (type object)
    at getOrdersByCustomerId (file:///C:/Users/HP/Desktop/butchery-pos-backend/backend/api/services/orderService.js:19:15)
    at process.processTicksAndRejections (node:internal/process/task_queues:95:5)
    at async file:///C:/Users/HP/Desktop/butchery-pos-backend/backend/api/controllers/customerOrders.js:9:24 Method: GET URL: /customers/6d592976-07bc-4747-b7c3-be326f3d9c35/orders
2024-09-30 09:55:15 [error] Error fetching orders: Cannot access 'orders' before initialization 
Error: Error fetching orders: Cannot access 'orders' before initialization
    at getOrdersByCustomerId (file:///C:/Users/HP/Desktop/butchery-pos-backend/backend/api/services/orderService.js:21:15)
    at file:///C:/Users/HP/Desktop/butchery-pos-backend/backend/api/controllers/customerOrders.js:9:30
    at file:///C:/Users/HP/Desktop/butchery-pos-backend/backend/utils/asyncErrorHandler.js:4:9
    at Layer.handle [as handle_request] (C:\Users\HP\Desktop\butchery-pos-backend\backend\node_modules\express\lib\router\layer.js:95:5)
    at next (C:\Users\HP\Desktop\butchery-pos-backend\backend\node_modules\express\lib\router\route.js:149:13)
    at Route.dispatch (C:\Users\HP\Desktop\butchery-pos-backend\backend\node_modules\express\lib\router\route.js:119:3)
    at Layer.handle [as handle_request] (C:\Users\HP\Desktop\butchery-pos-backend\backend\node_modules\express\lib\router\layer.js:95:5)
    at C:\Users\HP\Desktop\butchery-pos-backend\backend\node_modules\express\lib\router\index.js:284:15
    at param (C:\Users\HP\Desktop\butchery-pos-backend\backend\node_modules\express\lib\router\index.js:365:14)
    at param (C:\Users\HP\Desktop\butchery-pos-backend\backend\node_modules\express\lib\router\index.js:376:14) Method: GET URL: /customers/6d592976-07bc-4747-b7c3-be326f3d9c35/orders
2024-09-30 09:55:59 [error] Error fetching orders: Cannot read properties of undefined (reading 'map') 
Error: Error fetching orders: Cannot read properties of undefined (reading 'map')
    at getOrdersByCustomerId (file:///C:/Users/HP/Desktop/butchery-pos-backend/backend/api/services/orderService.js:22:15)
    at file:///C:/Users/HP/Desktop/butchery-pos-backend/backend/api/controllers/customerOrders.js:9:30
    at file:///C:/Users/HP/Desktop/butchery-pos-backend/backend/utils/asyncErrorHandler.js:4:9
    at Layer.handle [as handle_request] (C:\Users\HP\Desktop\butchery-pos-backend\backend\node_modules\express\lib\router\layer.js:95:5)
    at next (C:\Users\HP\Desktop\butchery-pos-backend\backend\node_modules\express\lib\router\route.js:149:13)
    at Route.dispatch (C:\Users\HP\Desktop\butchery-pos-backend\backend\node_modules\express\lib\router\route.js:119:3)
    at Layer.handle [as handle_request] (C:\Users\HP\Desktop\butchery-pos-backend\backend\node_modules\express\lib\router\layer.js:95:5)
    at C:\Users\HP\Desktop\butchery-pos-backend\backend\node_modules\express\lib\router\index.js:284:15
    at param (C:\Users\HP\Desktop\butchery-pos-backend\backend\node_modules\express\lib\router\index.js:365:14)
    at param (C:\Users\HP\Desktop\butchery-pos-backend\backend\node_modules\express\lib\router\index.js:376:14) Method: GET URL: /customers/6d592976-07bc-4747-b7c3-be326f3d9c35/orders
2024-09-30 09:57:55 [error] Error fetching orders: Cannot access 'products' before initialization 
Error: Error fetching orders: Cannot access 'products' before initialization
    at getOrdersByCustomerId (file:///C:/Users/HP/Desktop/butchery-pos-backend/backend/api/services/orderService.js:19:15)
    at process.processTicksAndRejections (node:internal/process/task_queues:95:5)
    at async file:///C:/Users/HP/Desktop/butchery-pos-backend/backend/api/controllers/customerOrders.js:9:24 Method: GET URL: /customers/6d592976-07bc-4747-b7c3-be326f3d9c35/orders
2024-09-30 10:12:02 [error] Can't find /stock/1e940ced-58ea-48f9-b7cd-ba4f05feb4a4 on the server 
Error: Can't find /stock/1e940ced-58ea-48f9-b7cd-ba4f05feb4a4 on the server
    at file:///C:/Users/HP/Desktop/butchery-pos-backend/backend/server.js:140:17
    at Layer.handle [as handle_request] (C:\Users\HP\Desktop\butchery-pos-backend\backend\node_modules\express\lib\router\layer.js:95:5)
    at next (C:\Users\HP\Desktop\butchery-pos-backend\backend\node_modules\express\lib\router\route.js:149:13)
    at next (C:\Users\HP\Desktop\butchery-pos-backend\backend\node_modules\express\lib\router\route.js:145:7)
    at next (C:\Users\HP\Desktop\butchery-pos-backend\backend\node_modules\express\lib\router\route.js:145:7)
    at next (C:\Users\HP\Desktop\butchery-pos-backend\backend\node_modules\express\lib\router\route.js:145:7)
    at next (C:\Users\HP\Desktop\butchery-pos-backend\backend\node_modules\express\lib\router\route.js:145:7)
    at next (C:\Users\HP\Desktop\butchery-pos-backend\backend\node_modules\express\lib\router\route.js:145:7)
    at next (C:\Users\HP\Desktop\butchery-pos-backend\backend\node_modules\express\lib\router\route.js:145:7)
    at Route.dispatch (C:\Users\HP\Desktop\butchery-pos-backend\backend\node_modules\express\lib\router\route.js:119:3) Method: GET URL: /stock/1e940ced-58ea-48f9-b7cd-ba4f05feb4a4
2024-09-30 10:58:15 [error] Can't find /employees/logout on the server 
Error: Can't find /employees/logout on the server
    at file:///C:/Users/HP/Desktop/butchery-pos-backend/backend/server.js:140:17
    at Layer.handle [as handle_request] (C:\Users\HP\Desktop\butchery-pos-backend\backend\node_modules\express\lib\router\layer.js:95:5)
    at next (C:\Users\HP\Desktop\butchery-pos-backend\backend\node_modules\express\lib\router\route.js:149:13)
    at next (C:\Users\HP\Desktop\butchery-pos-backend\backend\node_modules\express\lib\router\route.js:145:7)
    at next (C:\Users\HP\Desktop\butchery-pos-backend\backend\node_modules\express\lib\router\route.js:145:7)
    at next (C:\Users\HP\Desktop\butchery-pos-backend\backend\node_modules\express\lib\router\route.js:145:7)
    at next (C:\Users\HP\Desktop\butchery-pos-backend\backend\node_modules\express\lib\router\route.js:145:7)
    at next (C:\Users\HP\Desktop\butchery-pos-backend\backend\node_modules\express\lib\router\route.js:145:7)
    at next (C:\Users\HP\Desktop\butchery-pos-backend\backend\node_modules\express\lib\router\route.js:145:7)
    at next (C:\Users\HP\Desktop\butchery-pos-backend\backend\node_modules\express\lib\router\route.js:145:7) Method: POST URL: /employees/logout
2024-09-30 11:41:09 [error] Can't find /employees/logout on the server 
Error: Can't find /employees/logout on the server
    at file:///C:/Users/HP/Desktop/butchery-pos-backend/backend/server.js:140:17
    at Layer.handle [as handle_request] (C:\Users\HP\Desktop\butchery-pos-backend\backend\node_modules\express\lib\router\layer.js:95:5)
    at next (C:\Users\HP\Desktop\butchery-pos-backend\backend\node_modules\express\lib\router\route.js:149:13)
    at next (C:\Users\HP\Desktop\butchery-pos-backend\backend\node_modules\express\lib\router\route.js:145:7)
    at next (C:\Users\HP\Desktop\butchery-pos-backend\backend\node_modules\express\lib\router\route.js:145:7)
    at next (C:\Users\HP\Desktop\butchery-pos-backend\backend\node_modules\express\lib\router\route.js:145:7)
    at next (C:\Users\HP\Desktop\butchery-pos-backend\backend\node_modules\express\lib\router\route.js:145:7)
    at next (C:\Users\HP\Desktop\butchery-pos-backend\backend\node_modules\express\lib\router\route.js:145:7)
    at next (C:\Users\HP\Desktop\butchery-pos-backend\backend\node_modules\express\lib\router\route.js:145:7)
    at next (C:\Users\HP\Desktop\butchery-pos-backend\backend\node_modules\express\lib\router\route.js:145:7) Method: POST URL: /employees/logout
2024-09-30 11:44:20 [error] Can't find /employees/logout on the server 
Error: Can't find /employees/logout on the server
    at file:///C:/Users/HP/Desktop/butchery-pos-backend/backend/server.js:140:17
    at Layer.handle [as handle_request] (C:\Users\HP\Desktop\butchery-pos-backend\backend\node_modules\express\lib\router\layer.js:95:5)
    at next (C:\Users\HP\Desktop\butchery-pos-backend\backend\node_modules\express\lib\router\route.js:149:13)
    at next (C:\Users\HP\Desktop\butchery-pos-backend\backend\node_modules\express\lib\router\route.js:145:7)
    at next (C:\Users\HP\Desktop\butchery-pos-backend\backend\node_modules\express\lib\router\route.js:145:7)
    at next (C:\Users\HP\Desktop\butchery-pos-backend\backend\node_modules\express\lib\router\route.js:145:7)
    at next (C:\Users\HP\Desktop\butchery-pos-backend\backend\node_modules\express\lib\router\route.js:145:7)
    at next (C:\Users\HP\Desktop\butchery-pos-backend\backend\node_modules\express\lib\router\route.js:145:7)
    at next (C:\Users\HP\Desktop\butchery-pos-backend\backend\node_modules\express\lib\router\route.js:145:7)
    at next (C:\Users\HP\Desktop\butchery-pos-backend\backend\node_modules\express\lib\router\route.js:145:7) Method: POST URL: /employees/logout
2024-09-30 11:50:44 [error] Can't find /employees/logout on the server 
Error: Can't find /employees/logout on the server
    at file:///C:/Users/HP/Desktop/butchery-pos-backend/backend/server.js:140:17
    at Layer.handle [as handle_request] (C:\Users\HP\Desktop\butchery-pos-backend\backend\node_modules\express\lib\router\layer.js:95:5)
    at next (C:\Users\HP\Desktop\butchery-pos-backend\backend\node_modules\express\lib\router\route.js:149:13)
    at next (C:\Users\HP\Desktop\butchery-pos-backend\backend\node_modules\express\lib\router\route.js:145:7)
    at next (C:\Users\HP\Desktop\butchery-pos-backend\backend\node_modules\express\lib\router\route.js:145:7)
    at next (C:\Users\HP\Desktop\butchery-pos-backend\backend\node_modules\express\lib\router\route.js:145:7)
    at next (C:\Users\HP\Desktop\butchery-pos-backend\backend\node_modules\express\lib\router\route.js:145:7)
    at next (C:\Users\HP\Desktop\butchery-pos-backend\backend\node_modules\express\lib\router\route.js:145:7)
    at next (C:\Users\HP\Desktop\butchery-pos-backend\backend\node_modules\express\lib\router\route.js:145:7)
    at next (C:\Users\HP\Desktop\butchery-pos-backend\backend\node_modules\express\lib\router\route.js:145:7) Method: POST URL: /employees/logout
2024-09-30 11:54:18 [error] Can't find /employees/logout on the server 
Error: Can't find /employees/logout on the server
    at file:///C:/Users/HP/Desktop/butchery-pos-backend/backend/server.js:140:17
    at Layer.handle [as handle_request] (C:\Users\HP\Desktop\butchery-pos-backend\backend\node_modules\express\lib\router\layer.js:95:5)
    at next (C:\Users\HP\Desktop\butchery-pos-backend\backend\node_modules\express\lib\router\route.js:149:13)
    at next (C:\Users\HP\Desktop\butchery-pos-backend\backend\node_modules\express\lib\router\route.js:145:7)
    at next (C:\Users\HP\Desktop\butchery-pos-backend\backend\node_modules\express\lib\router\route.js:145:7)
    at next (C:\Users\HP\Desktop\butchery-pos-backend\backend\node_modules\express\lib\router\route.js:145:7)
    at next (C:\Users\HP\Desktop\butchery-pos-backend\backend\node_modules\express\lib\router\route.js:145:7)
    at next (C:\Users\HP\Desktop\butchery-pos-backend\backend\node_modules\express\lib\router\route.js:145:7)
    at next (C:\Users\HP\Desktop\butchery-pos-backend\backend\node_modules\express\lib\router\route.js:145:7)
    at next (C:\Users\HP\Desktop\butchery-pos-backend\backend\node_modules\express\lib\router\route.js:145:7) Method: POST URL: /employees/logout
2024-09-30 12:31:19 [error] Can't find /employees/logout on the server 
Error: Can't find /employees/logout on the server
    at file:///C:/Users/HP/Desktop/butchery-pos-backend/backend/server.js:140:17
    at Layer.handle [as handle_request] (C:\Users\HP\Desktop\butchery-pos-backend\backend\node_modules\express\lib\router\layer.js:95:5)
    at next (C:\Users\HP\Desktop\butchery-pos-backend\backend\node_modules\express\lib\router\route.js:149:13)
    at next (C:\Users\HP\Desktop\butchery-pos-backend\backend\node_modules\express\lib\router\route.js:145:7)
    at next (C:\Users\HP\Desktop\butchery-pos-backend\backend\node_modules\express\lib\router\route.js:145:7)
    at next (C:\Users\HP\Desktop\butchery-pos-backend\backend\node_modules\express\lib\router\route.js:145:7)
    at next (C:\Users\HP\Desktop\butchery-pos-backend\backend\node_modules\express\lib\router\route.js:145:7)
    at next (C:\Users\HP\Desktop\butchery-pos-backend\backend\node_modules\express\lib\router\route.js:145:7)
    at next (C:\Users\HP\Desktop\butchery-pos-backend\backend\node_modules\express\lib\router\route.js:145:7)
    at next (C:\Users\HP\Desktop\butchery-pos-backend\backend\node_modules\express\lib\router\route.js:145:7) Method: POST URL: /employees/logout
2024-09-30 12:52:32 [error] Can't find /employees/logout on the server 
Error: Can't find /employees/logout on the server
    at file:///C:/Users/HP/Desktop/butchery-pos-backend/backend/server.js:140:17
    at Layer.handle [as handle_request] (C:\Users\HP\Desktop\butchery-pos-backend\backend\node_modules\express\lib\router\layer.js:95:5)
    at next (C:\Users\HP\Desktop\butchery-pos-backend\backend\node_modules\express\lib\router\route.js:149:13)
    at next (C:\Users\HP\Desktop\butchery-pos-backend\backend\node_modules\express\lib\router\route.js:145:7)
    at next (C:\Users\HP\Desktop\butchery-pos-backend\backend\node_modules\express\lib\router\route.js:145:7)
    at next (C:\Users\HP\Desktop\butchery-pos-backend\backend\node_modules\express\lib\router\route.js:145:7)
    at next (C:\Users\HP\Desktop\butchery-pos-backend\backend\node_modules\express\lib\router\route.js:145:7)
    at next (C:\Users\HP\Desktop\butchery-pos-backend\backend\node_modules\express\lib\router\route.js:145:7)
    at next (C:\Users\HP\Desktop\butchery-pos-backend\backend\node_modules\express\lib\router\route.js:145:7)
    at next (C:\Users\HP\Desktop\butchery-pos-backend\backend\node_modules\express\lib\router\route.js:145:7) Method: POST URL: /employees/logout
2024-10-01 09:51:10 [error] Can't find /employees/logout on the server 
Error: Can't find /employees/logout on the server
    at file:///C:/Users/HP/Desktop/butchery-pos-backend/backend/server.js:140:17
    at Layer.handle [as handle_request] (C:\Users\HP\Desktop\butchery-pos-backend\backend\node_modules\express\lib\router\layer.js:95:5)
    at next (C:\Users\HP\Desktop\butchery-pos-backend\backend\node_modules\express\lib\router\route.js:149:13)
    at next (C:\Users\HP\Desktop\butchery-pos-backend\backend\node_modules\express\lib\router\route.js:145:7)
    at next (C:\Users\HP\Desktop\butchery-pos-backend\backend\node_modules\express\lib\router\route.js:145:7)
    at next (C:\Users\HP\Desktop\butchery-pos-backend\backend\node_modules\express\lib\router\route.js:145:7)
    at next (C:\Users\HP\Desktop\butchery-pos-backend\backend\node_modules\express\lib\router\route.js:145:7)
    at next (C:\Users\HP\Desktop\butchery-pos-backend\backend\node_modules\express\lib\router\route.js:145:7)
    at next (C:\Users\HP\Desktop\butchery-pos-backend\backend\node_modules\express\lib\router\route.js:145:7)
    at next (C:\Users\HP\Desktop\butchery-pos-backend\backend\node_modules\express\lib\router\route.js:145:7) Method: POST URL: /employees/logout
2024-10-01 11:09:35 [error] Can't find /employees/logout on the server 
Error: Can't find /employees/logout on the server
    at file:///C:/Users/HP/Desktop/butchery-pos-backend/backend/server.js:140:17
    at Layer.handle [as handle_request] (C:\Users\HP\Desktop\butchery-pos-backend\backend\node_modules\express\lib\router\layer.js:95:5)
    at next (C:\Users\HP\Desktop\butchery-pos-backend\backend\node_modules\express\lib\router\route.js:149:13)
    at next (C:\Users\HP\Desktop\butchery-pos-backend\backend\node_modules\express\lib\router\route.js:145:7)
    at next (C:\Users\HP\Desktop\butchery-pos-backend\backend\node_modules\express\lib\router\route.js:145:7)
    at next (C:\Users\HP\Desktop\butchery-pos-backend\backend\node_modules\express\lib\router\route.js:145:7)
    at next (C:\Users\HP\Desktop\butchery-pos-backend\backend\node_modules\express\lib\router\route.js:145:7)
    at next (C:\Users\HP\Desktop\butchery-pos-backend\backend\node_modules\express\lib\router\route.js:145:7)
    at next (C:\Users\HP\Desktop\butchery-pos-backend\backend\node_modules\express\lib\router\route.js:145:7)
    at next (C:\Users\HP\Desktop\butchery-pos-backend\backend\node_modules\express\lib\router\route.js:145:7) Method: POST URL: /employees/logout
2024-10-01 12:28:56 [error] Can't find /employees/logout on the server 
Error: Can't find /employees/logout on the server
    at file:///C:/Users/HP/Desktop/butchery-pos-backend/backend/server.js:140:17
    at Layer.handle [as handle_request] (C:\Users\HP\Desktop\butchery-pos-backend\backend\node_modules\express\lib\router\layer.js:95:5)
    at next (C:\Users\HP\Desktop\butchery-pos-backend\backend\node_modules\express\lib\router\route.js:149:13)
    at next (C:\Users\HP\Desktop\butchery-pos-backend\backend\node_modules\express\lib\router\route.js:145:7)
    at next (C:\Users\HP\Desktop\butchery-pos-backend\backend\node_modules\express\lib\router\route.js:145:7)
    at next (C:\Users\HP\Desktop\butchery-pos-backend\backend\node_modules\express\lib\router\route.js:145:7)
    at next (C:\Users\HP\Desktop\butchery-pos-backend\backend\node_modules\express\lib\router\route.js:145:7)
    at next (C:\Users\HP\Desktop\butchery-pos-backend\backend\node_modules\express\lib\router\route.js:145:7)
    at next (C:\Users\HP\Desktop\butchery-pos-backend\backend\node_modules\express\lib\router\route.js:145:7)
    at next (C:\Users\HP\Desktop\butchery-pos-backend\backend\node_modules\express\lib\router\route.js:145:7) Method: POST URL: /employees/logout
2024-10-01 12:38:08 [error] Can't find /employees/logout on the server 
Error: Can't find /employees/logout on the server
    at file:///C:/Users/HP/Desktop/butchery-pos-backend/backend/server.js:140:17
    at Layer.handle [as handle_request] (C:\Users\HP\Desktop\butchery-pos-backend\backend\node_modules\express\lib\router\layer.js:95:5)
    at next (C:\Users\HP\Desktop\butchery-pos-backend\backend\node_modules\express\lib\router\route.js:149:13)
    at next (C:\Users\HP\Desktop\butchery-pos-backend\backend\node_modules\express\lib\router\route.js:145:7)
    at next (C:\Users\HP\Desktop\butchery-pos-backend\backend\node_modules\express\lib\router\route.js:145:7)
    at next (C:\Users\HP\Desktop\butchery-pos-backend\backend\node_modules\express\lib\router\route.js:145:7)
    at next (C:\Users\HP\Desktop\butchery-pos-backend\backend\node_modules\express\lib\router\route.js:145:7)
    at next (C:\Users\HP\Desktop\butchery-pos-backend\backend\node_modules\express\lib\router\route.js:145:7)
    at next (C:\Users\HP\Desktop\butchery-pos-backend\backend\node_modules\express\lib\router\route.js:145:7)
    at next (C:\Users\HP\Desktop\butchery-pos-backend\backend\node_modules\express\lib\router\route.js:145:7) Method: POST URL: /employees/logout
2024-10-01 12:40:18 [error] Can't find /employees/logout on the server 
Error: Can't find /employees/logout on the server
    at file:///C:/Users/HP/Desktop/butchery-pos-backend/backend/server.js:140:17
    at Layer.handle [as handle_request] (C:\Users\HP\Desktop\butchery-pos-backend\backend\node_modules\express\lib\router\layer.js:95:5)
    at next (C:\Users\HP\Desktop\butchery-pos-backend\backend\node_modules\express\lib\router\route.js:149:13)
    at next (C:\Users\HP\Desktop\butchery-pos-backend\backend\node_modules\express\lib\router\route.js:145:7)
    at next (C:\Users\HP\Desktop\butchery-pos-backend\backend\node_modules\express\lib\router\route.js:145:7)
    at next (C:\Users\HP\Desktop\butchery-pos-backend\backend\node_modules\express\lib\router\route.js:145:7)
    at next (C:\Users\HP\Desktop\butchery-pos-backend\backend\node_modules\express\lib\router\route.js:145:7)
    at next (C:\Users\HP\Desktop\butchery-pos-backend\backend\node_modules\express\lib\router\route.js:145:7)
    at next (C:\Users\HP\Desktop\butchery-pos-backend\backend\node_modules\express\lib\router\route.js:145:7)
    at next (C:\Users\HP\Desktop\butchery-pos-backend\backend\node_modules\express\lib\router\route.js:145:7) Method: POST URL: /employees/logout
2024-10-01 13:16:50 [error] ENOENT: no such file or directory, open 'C:\Users\HP\Desktop\butchery-pos-backend\Z frontEnd\boma\src\images\1727777810990--WhatsApp Image 2024-09-27 at 2.47.50 PM.jpeg' 
Error: ENOENT: no such file or directory, open 'C:\Users\HP\Desktop\butchery-pos-backend\Z frontEnd\boma\src\images\1727777810990--WhatsApp Image 2024-09-27 at 2.47.50 PM.jpeg' Method: POST URL: /stock
2024-10-01 13:17:57 [error] ENOENT: no such file or directory, open 'C:\Users\HP\Desktop\butchery-pos-backend\Z frontEnd\boma\src\images\1727777877380--BCE Sept 2024 Trainers TT Fin-4_page-0001.jpg' 
Error: ENOENT: no such file or directory, open 'C:\Users\HP\Desktop\butchery-pos-backend\Z frontEnd\boma\src\images\1727777877380--BCE Sept 2024 Trainers TT Fin-4_page-0001.jpg' Method: POST URL: /stock
2024-10-01 13:35:37 [error] ENOENT: no such file or directory, open 'C:\Users\HP\Desktop\butchery-pos-backend\Z frontEnd\boma\src\images\1727778937458--pork-1296x728-feature.jpg' 
Error: ENOENT: no such file or directory, open 'C:\Users\HP\Desktop\butchery-pos-backend\Z frontEnd\boma\src\images\1727778937458--pork-1296x728-feature.jpg' Method: POST URL: /stock
2024-10-05 21:29:13 [error] Can't find /employees/logout on the server 
Error: Can't find /employees/logout on the server
    at file:///C:/Users/HP/Desktop/butchery-pos-backend/backend/server.js:140:17
    at Layer.handle [as handle_request] (C:\Users\HP\Desktop\butchery-pos-backend\backend\node_modules\express\lib\router\layer.js:95:5)
    at next (C:\Users\HP\Desktop\butchery-pos-backend\backend\node_modules\express\lib\router\route.js:149:13)
    at next (C:\Users\HP\Desktop\butchery-pos-backend\backend\node_modules\express\lib\router\route.js:145:7)
    at next (C:\Users\HP\Desktop\butchery-pos-backend\backend\node_modules\express\lib\router\route.js:145:7)
    at next (C:\Users\HP\Desktop\butchery-pos-backend\backend\node_modules\express\lib\router\route.js:145:7)
    at next (C:\Users\HP\Desktop\butchery-pos-backend\backend\node_modules\express\lib\router\route.js:145:7)
    at next (C:\Users\HP\Desktop\butchery-pos-backend\backend\node_modules\express\lib\router\route.js:145:7)
    at next (C:\Users\HP\Desktop\butchery-pos-backend\backend\node_modules\express\lib\router\route.js:145:7)
    at next (C:\Users\HP\Desktop\butchery-pos-backend\backend\node_modules\express\lib\router\route.js:145:7) Method: POST URL: /employees/logout
2024-10-08 16:19:51 [error] _id is not defined 
ReferenceError: _id is not defined
    at getOneCstomer (file:///C:/Users/HP/Desktop/butchery-pos-backend/backend/api/controllers/customers.js:47:26)
    at Layer.handle [as handle_request] (C:\Users\HP\Desktop\butchery-pos-backend\backend\node_modules\express\lib\router\layer.js:95:5)
    at next (C:\Users\HP\Desktop\butchery-pos-backend\backend\node_modules\express\lib\router\route.js:149:13)
    at Route.dispatch (C:\Users\HP\Desktop\butchery-pos-backend\backend\node_modules\express\lib\router\route.js:119:3)
    at Layer.handle [as handle_request] (C:\Users\HP\Desktop\butchery-pos-backend\backend\node_modules\express\lib\router\layer.js:95:5)
    at C:\Users\HP\Desktop\butchery-pos-backend\backend\node_modules\express\lib\router\index.js:284:15
    at param (C:\Users\HP\Desktop\butchery-pos-backend\backend\node_modules\express\lib\router\index.js:365:14)
    at param (C:\Users\HP\Desktop\butchery-pos-backend\backend\node_modules\express\lib\router\index.js:376:14)
    at Function.process_params (C:\Users\HP\Desktop\butchery-pos-backend\backend\node_modules\express\lib\router\index.js:421:3)
    at next (C:\Users\HP\Desktop\butchery-pos-backend\backend\node_modules\express\lib\router\index.js:280:10) Method: GET URL: /customers/67052dea406572c6792ee43
2025-01-26 20:27:14 [error] Error fetching orders: Cast to ObjectId failed for value "c700d2c0-9f02-41e8-b4e0-7c366749705a" (type string) at path "_id" for model "Stock" 
Error: Error fetching orders: Cast to ObjectId failed for value "c700d2c0-9f02-41e8-b4e0-7c366749705a" (type string) at path "_id" for model "Stock"
    at getOrdersByCustomerId (file:///C:/Users/HP/Desktop/butchery-pos-backend/backend/api/services/orderService.js:20:15)
    at process.processTicksAndRejections (node:internal/process/task_queues:95:5)
    at async file:///C:/Users/HP/Desktop/butchery-pos-backend/backend/api/controllers/customerOrders.js:9:24 Method: GET URL: /customers/:id/orders
2025-01-27 10:44:10 [error] Error fetching orders: Cast to ObjectId failed for value "c700d2c0-9f02-41e8-b4e0-7c366749705a" (type string) at path "_id" for model "Stock" 
Error: Error fetching orders: Cast to ObjectId failed for value "c700d2c0-9f02-41e8-b4e0-7c366749705a" (type string) at path "_id" for model "Stock"
    at getOrdersByCustomerId (file:///C:/Users/HP/Desktop/butchery-pos-backend/backend/api/services/orderService.js:20:15)
    at process.processTicksAndRejections (node:internal/process/task_queues:95:5)
    at async file:///C:/Users/HP/Desktop/butchery-pos-backend/backend/api/controllers/customerOrders.js:9:24 Method: GET URL: /customers/:id/orders
2025-01-30 08:07:04 [error] Can't find / on the server 
Error: Can't find / on the server
    at file:///C:/Users/HP/Desktop/butchery-pos-backend/server/server.js:146:17
    at Layer.handle [as handle_request] (C:\Users\HP\Desktop\butchery-pos-backend\server\node_modules\express\lib\router\layer.js:95:5)
    at next (C:\Users\HP\Desktop\butchery-pos-backend\server\node_modules\express\lib\router\route.js:149:13)
    at next (C:\Users\HP\Desktop\butchery-pos-backend\server\node_modules\express\lib\router\route.js:145:7)
    at next (C:\Users\HP\Desktop\butchery-pos-backend\server\node_modules\express\lib\router\route.js:145:7)
    at next (C:\Users\HP\Desktop\butchery-pos-backend\server\node_modules\express\lib\router\route.js:145:7)
    at next (C:\Users\HP\Desktop\butchery-pos-backend\server\node_modules\express\lib\router\route.js:145:7)
    at next (C:\Users\HP\Desktop\butchery-pos-backend\server\node_modules\express\lib\router\route.js:145:7)
    at next (C:\Users\HP\Desktop\butchery-pos-backend\server\node_modules\express\lib\router\route.js:145:7)
    at Route.dispatch (C:\Users\HP\Desktop\butchery-pos-backend\server\node_modules\express\lib\router\route.js:119:3) Method: GET URL: /
2025-01-30 08:07:04 [error] Can't find /favicon.ico on the server 
Error: Can't find /favicon.ico on the server
    at file:///C:/Users/HP/Desktop/butchery-pos-backend/server/server.js:146:17
    at Layer.handle [as handle_request] (C:\Users\HP\Desktop\butchery-pos-backend\server\node_modules\express\lib\router\layer.js:95:5)
    at next (C:\Users\HP\Desktop\butchery-pos-backend\server\node_modules\express\lib\router\route.js:149:13)
    at next (C:\Users\HP\Desktop\butchery-pos-backend\server\node_modules\express\lib\router\route.js:145:7)
    at next (C:\Users\HP\Desktop\butchery-pos-backend\server\node_modules\express\lib\router\route.js:145:7)
    at next (C:\Users\HP\Desktop\butchery-pos-backend\server\node_modules\express\lib\router\route.js:145:7)
    at next (C:\Users\HP\Desktop\butchery-pos-backend\server\node_modules\express\lib\router\route.js:145:7)
    at next (C:\Users\HP\Desktop\butchery-pos-backend\server\node_modules\express\lib\router\route.js:145:7)
    at next (C:\Users\HP\Desktop\butchery-pos-backend\server\node_modules\express\lib\router\route.js:145:7)
    at Route.dispatch (C:\Users\HP\Desktop\butchery-pos-backend\server\node_modules\express\lib\router\route.js:119:3) Method: GET URL: /favicon.ico
2025-01-30 08:07:54 [error] Can't find / on the server 
Error: Can't find / on the server
    at file:///C:/Users/HP/Desktop/butchery-pos-backend/server/server.js:146:17
    at Layer.handle [as handle_request] (C:\Users\HP\Desktop\butchery-pos-backend\server\node_modules\express\lib\router\layer.js:95:5)
    at next (C:\Users\HP\Desktop\butchery-pos-backend\server\node_modules\express\lib\router\route.js:149:13)
    at next (C:\Users\HP\Desktop\butchery-pos-backend\server\node_modules\express\lib\router\route.js:145:7)
    at next (C:\Users\HP\Desktop\butchery-pos-backend\server\node_modules\express\lib\router\route.js:145:7)
    at next (C:\Users\HP\Desktop\butchery-pos-backend\server\node_modules\express\lib\router\route.js:145:7)
    at next (C:\Users\HP\Desktop\butchery-pos-backend\server\node_modules\express\lib\router\route.js:145:7)
    at next (C:\Users\HP\Desktop\butchery-pos-backend\server\node_modules\express\lib\router\route.js:145:7)
    at next (C:\Users\HP\Desktop\butchery-pos-backend\server\node_modules\express\lib\router\route.js:145:7)
    at Route.dispatch (C:\Users\HP\Desktop\butchery-pos-backend\server\node_modules\express\lib\router\route.js:119:3) Method: GET URL: /
2025-01-30 08:08:28 [error] Can't find /client/dist/index.html on the server 
Error: Can't find /client/dist/index.html on the server
    at file:///C:/Users/HP/Desktop/butchery-pos-backend/server/server.js:146:17
    at Layer.handle [as handle_request] (C:\Users\HP\Desktop\butchery-pos-backend\server\node_modules\express\lib\router\layer.js:95:5)
    at next (C:\Users\HP\Desktop\butchery-pos-backend\server\node_modules\express\lib\router\route.js:149:13)
    at next (C:\Users\HP\Desktop\butchery-pos-backend\server\node_modules\express\lib\router\route.js:145:7)
    at next (C:\Users\HP\Desktop\butchery-pos-backend\server\node_modules\express\lib\router\route.js:145:7)
    at next (C:\Users\HP\Desktop\butchery-pos-backend\server\node_modules\express\lib\router\route.js:145:7)
    at next (C:\Users\HP\Desktop\butchery-pos-backend\server\node_modules\express\lib\router\route.js:145:7)
    at next (C:\Users\HP\Desktop\butchery-pos-backend\server\node_modules\express\lib\router\route.js:145:7)
    at next (C:\Users\HP\Desktop\butchery-pos-backend\server\node_modules\express\lib\router\route.js:145:7)
    at Route.dispatch (C:\Users\HP\Desktop\butchery-pos-backend\server\node_modules\express\lib\router\route.js:119:3) Method: GET URL: /client/dist/index.html
2025-01-30 08:08:32 [error] Can't find /client/dist/index.html on the server 
Error: Can't find /client/dist/index.html on the server
    at file:///C:/Users/HP/Desktop/butchery-pos-backend/server/server.js:146:17
    at Layer.handle [as handle_request] (C:\Users\HP\Desktop\butchery-pos-backend\server\node_modules\express\lib\router\layer.js:95:5)
    at next (C:\Users\HP\Desktop\butchery-pos-backend\server\node_modules\express\lib\router\route.js:149:13)
    at next (C:\Users\HP\Desktop\butchery-pos-backend\server\node_modules\express\lib\router\route.js:145:7)
    at next (C:\Users\HP\Desktop\butchery-pos-backend\server\node_modules\express\lib\router\route.js:145:7)
    at next (C:\Users\HP\Desktop\butchery-pos-backend\server\node_modules\express\lib\router\route.js:145:7)
    at next (C:\Users\HP\Desktop\butchery-pos-backend\server\node_modules\express\lib\router\route.js:145:7)
    at next (C:\Users\HP\Desktop\butchery-pos-backend\server\node_modules\express\lib\router\route.js:145:7)
    at next (C:\Users\HP\Desktop\butchery-pos-backend\server\node_modules\express\lib\router\route.js:145:7)
    at Route.dispatch (C:\Users\HP\Desktop\butchery-pos-backend\server\node_modules\express\lib\router\route.js:119:3) Method: GET URL: /client/dist/index.html
2025-01-30 08:09:47 [error] Can't find / on the server 
Error: Can't find / on the server
    at file:///C:/Users/HP/Desktop/butchery-pos-backend/server/server.js:146:17
    at Layer.handle [as handle_request] (C:\Users\HP\Desktop\butchery-pos-backend\server\node_modules\express\lib\router\layer.js:95:5)
    at next (C:\Users\HP\Desktop\butchery-pos-backend\server\node_modules\express\lib\router\route.js:149:13)
    at next (C:\Users\HP\Desktop\butchery-pos-backend\server\node_modules\express\lib\router\route.js:145:7)
    at next (C:\Users\HP\Desktop\butchery-pos-backend\server\node_modules\express\lib\router\route.js:145:7)
    at next (C:\Users\HP\Desktop\butchery-pos-backend\server\node_modules\express\lib\router\route.js:145:7)
    at next (C:\Users\HP\Desktop\butchery-pos-backend\server\node_modules\express\lib\router\route.js:145:7)
    at next (C:\Users\HP\Desktop\butchery-pos-backend\server\node_modules\express\lib\router\route.js:145:7)
    at next (C:\Users\HP\Desktop\butchery-pos-backend\server\node_modules\express\lib\router\route.js:145:7)
    at Route.dispatch (C:\Users\HP\Desktop\butchery-pos-backend\server\node_modules\express\lib\router\route.js:119:3) Method: GET URL: /
2025-01-30 08:16:18 [error] Can't find /shop on the server 
Error: Can't find /shop on the server
    at file:///C:/Users/HP/Desktop/butchery-pos-backend/server/server.js:146:17
    at Layer.handle [as handle_request] (C:\Users\HP\Desktop\butchery-pos-backend\server\node_modules\express\lib\router\layer.js:95:5)
    at next (C:\Users\HP\Desktop\butchery-pos-backend\server\node_modules\express\lib\router\route.js:149:13)
    at next (C:\Users\HP\Desktop\butchery-pos-backend\server\node_modules\express\lib\router\route.js:145:7)
    at next (C:\Users\HP\Desktop\butchery-pos-backend\server\node_modules\express\lib\router\route.js:145:7)
    at next (C:\Users\HP\Desktop\butchery-pos-backend\server\node_modules\express\lib\router\route.js:145:7)
    at next (C:\Users\HP\Desktop\butchery-pos-backend\server\node_modules\express\lib\router\route.js:145:7)
    at next (C:\Users\HP\Desktop\butchery-pos-backend\server\node_modules\express\lib\router\route.js:145:7)
    at next (C:\Users\HP\Desktop\butchery-pos-backend\server\node_modules\express\lib\router\route.js:145:7)
    at Route.dispatch (C:\Users\HP\Desktop\butchery-pos-backend\server\node_modules\express\lib\router\route.js:119:3) Method: GET URL: /shop
2025-01-30 08:54:33 [error] Can't find / on the server 
Error: Can't find / on the server
    at file:///C:/Users/HP/Desktop/butchery-pos-backend/server/server.js:146:17
    at Layer.handle [as handle_request] (C:\Users\HP\Desktop\butchery-pos-backend\server\node_modules\express\lib\router\layer.js:95:5)
    at next (C:\Users\HP\Desktop\butchery-pos-backend\server\node_modules\express\lib\router\route.js:149:13)
    at next (C:\Users\HP\Desktop\butchery-pos-backend\server\node_modules\express\lib\router\route.js:145:7)
    at next (C:\Users\HP\Desktop\butchery-pos-backend\server\node_modules\express\lib\router\route.js:145:7)
    at next (C:\Users\HP\Desktop\butchery-pos-backend\server\node_modules\express\lib\router\route.js:145:7)
    at next (C:\Users\HP\Desktop\butchery-pos-backend\server\node_modules\express\lib\router\route.js:145:7)
    at next (C:\Users\HP\Desktop\butchery-pos-backend\server\node_modules\express\lib\router\route.js:145:7)
    at next (C:\Users\HP\Desktop\butchery-pos-backend\server\node_modules\express\lib\router\route.js:145:7)
    at Route.dispatch (C:\Users\HP\Desktop\butchery-pos-backend\server\node_modules\express\lib\router\route.js:119:3) Method: GET URL: /
2025-01-30 08:55:05 [error] Can't find / on the server 
Error: Can't find / on the server
    at file:///C:/Users/HP/Desktop/butchery-pos-backend/server/server.js:146:17
    at Layer.handle [as handle_request] (C:\Users\HP\Desktop\butchery-pos-backend\server\node_modules\express\lib\router\layer.js:95:5)
    at next (C:\Users\HP\Desktop\butchery-pos-backend\server\node_modules\express\lib\router\route.js:149:13)
    at next (C:\Users\HP\Desktop\butchery-pos-backend\server\node_modules\express\lib\router\route.js:145:7)
    at next (C:\Users\HP\Desktop\butchery-pos-backend\server\node_modules\express\lib\router\route.js:145:7)
    at next (C:\Users\HP\Desktop\butchery-pos-backend\server\node_modules\express\lib\router\route.js:145:7)
    at next (C:\Users\HP\Desktop\butchery-pos-backend\server\node_modules\express\lib\router\route.js:145:7)
    at next (C:\Users\HP\Desktop\butchery-pos-backend\server\node_modules\express\lib\router\route.js:145:7)
    at next (C:\Users\HP\Desktop\butchery-pos-backend\server\node_modules\express\lib\router\route.js:145:7)
    at Route.dispatch (C:\Users\HP\Desktop\butchery-pos-backend\server\node_modules\express\lib\router\route.js:119:3) Method: GET URL: /
2025-01-30 08:56:23 [error] Can't find / on the server 
Error: Can't find / on the server
    at file:///C:/Users/HP/Desktop/butchery-pos-backend/server/server.js:146:17
    at Layer.handle [as handle_request] (C:\Users\HP\Desktop\butchery-pos-backend\server\node_modules\express\lib\router\layer.js:95:5)
    at next (C:\Users\HP\Desktop\butchery-pos-backend\server\node_modules\express\lib\router\route.js:149:13)
    at next (C:\Users\HP\Desktop\butchery-pos-backend\server\node_modules\express\lib\router\route.js:145:7)
    at next (C:\Users\HP\Desktop\butchery-pos-backend\server\node_modules\express\lib\router\route.js:145:7)
    at next (C:\Users\HP\Desktop\butchery-pos-backend\server\node_modules\express\lib\router\route.js:145:7)
    at next (C:\Users\HP\Desktop\butchery-pos-backend\server\node_modules\express\lib\router\route.js:145:7)
    at next (C:\Users\HP\Desktop\butchery-pos-backend\server\node_modules\express\lib\router\route.js:145:7)
    at next (C:\Users\HP\Desktop\butchery-pos-backend\server\node_modules\express\lib\router\route.js:145:7)
    at Route.dispatch (C:\Users\HP\Desktop\butchery-pos-backend\server\node_modules\express\lib\router\route.js:119:3) Method: GET URL: /
2025-01-30 08:57:47 [error] Can't find / on the server 
Error: Can't find / on the server
    at file:///C:/Users/HP/Desktop/butchery-pos-backend/server/server.js:146:17
    at Layer.handle [as handle_request] (C:\Users\HP\Desktop\butchery-pos-backend\server\node_modules\express\lib\router\layer.js:95:5)
    at next (C:\Users\HP\Desktop\butchery-pos-backend\server\node_modules\express\lib\router\route.js:149:13)
    at next (C:\Users\HP\Desktop\butchery-pos-backend\server\node_modules\express\lib\router\route.js:145:7)
    at next (C:\Users\HP\Desktop\butchery-pos-backend\server\node_modules\express\lib\router\route.js:145:7)
    at next (C:\Users\HP\Desktop\butchery-pos-backend\server\node_modules\express\lib\router\route.js:145:7)
    at next (C:\Users\HP\Desktop\butchery-pos-backend\server\node_modules\express\lib\router\route.js:145:7)
    at next (C:\Users\HP\Desktop\butchery-pos-backend\server\node_modules\express\lib\router\route.js:145:7)
    at next (C:\Users\HP\Desktop\butchery-pos-backend\server\node_modules\express\lib\router\route.js:145:7)
    at Route.dispatch (C:\Users\HP\Desktop\butchery-pos-backend\server\node_modules\express\lib\router\route.js:119:3) Method: GET URL: /
2025-01-30 08:57:49 [error] Can't find / on the server 
Error: Can't find / on the server
    at file:///C:/Users/HP/Desktop/butchery-pos-backend/server/server.js:146:17
    at Layer.handle [as handle_request] (C:\Users\HP\Desktop\butchery-pos-backend\server\node_modules\express\lib\router\layer.js:95:5)
    at next (C:\Users\HP\Desktop\butchery-pos-backend\server\node_modules\express\lib\router\route.js:149:13)
    at next (C:\Users\HP\Desktop\butchery-pos-backend\server\node_modules\express\lib\router\route.js:145:7)
    at next (C:\Users\HP\Desktop\butchery-pos-backend\server\node_modules\express\lib\router\route.js:145:7)
    at next (C:\Users\HP\Desktop\butchery-pos-backend\server\node_modules\express\lib\router\route.js:145:7)
    at next (C:\Users\HP\Desktop\butchery-pos-backend\server\node_modules\express\lib\router\route.js:145:7)
    at next (C:\Users\HP\Desktop\butchery-pos-backend\server\node_modules\express\lib\router\route.js:145:7)
    at next (C:\Users\HP\Desktop\butchery-pos-backend\server\node_modules\express\lib\router\route.js:145:7)
    at Route.dispatch (C:\Users\HP\Desktop\butchery-pos-backend\server\node_modules\express\lib\router\route.js:119:3) Method: GET URL: /
2025-01-30 08:58:51 [error] Can't find / on the server 
Error: Can't find / on the server
    at file:///C:/Users/HP/Desktop/butchery-pos-backend/server/server.js:146:17
    at Layer.handle [as handle_request] (C:\Users\HP\Desktop\butchery-pos-backend\server\node_modules\express\lib\router\layer.js:95:5)
    at next (C:\Users\HP\Desktop\butchery-pos-backend\server\node_modules\express\lib\router\route.js:149:13)
    at next (C:\Users\HP\Desktop\butchery-pos-backend\server\node_modules\express\lib\router\route.js:145:7)
    at next (C:\Users\HP\Desktop\butchery-pos-backend\server\node_modules\express\lib\router\route.js:145:7)
    at next (C:\Users\HP\Desktop\butchery-pos-backend\server\node_modules\express\lib\router\route.js:145:7)
    at next (C:\Users\HP\Desktop\butchery-pos-backend\server\node_modules\express\lib\router\route.js:145:7)
    at next (C:\Users\HP\Desktop\butchery-pos-backend\server\node_modules\express\lib\router\route.js:145:7)
    at next (C:\Users\HP\Desktop\butchery-pos-backend\server\node_modules\express\lib\router\route.js:145:7)
    at Route.dispatch (C:\Users\HP\Desktop\butchery-pos-backend\server\node_modules\express\lib\router\route.js:119:3) Method: GET URL: /
2025-01-30 12:48:51 [error] ENOENT: no such file or directory, stat 'C:\Users\HP\Desktop\butchery-pos-backend\server\client\dist\index.html' 
Error: ENOENT: no such file or directory, stat 'C:\Users\HP\Desktop\butchery-pos-backend\server\client\dist\index.html' Method: GET URL: /
2025-01-30 12:49:50 [error] ENOENT: no such file or directory, stat 'C:\Users\HP\Desktop\butchery-pos-backend\server\client\dist\index.html' 
Error: ENOENT: no such file or directory, stat 'C:\Users\HP\Desktop\butchery-pos-backend\server\client\dist\index.html' Method: GET URL: /images/undefined
2025-01-30 12:54:46 [error] ENOENT: no such file or directory, stat 'C:\Users\HP\Desktop\butchery-pos-backend\server\client\dist\index.html' 
Error: ENOENT: no such file or directory, stat 'C:\Users\HP\Desktop\butchery-pos-backend\server\client\dist\index.html' Method: GET URL: /images/undefined
2025-01-30 12:55:01 [error] ENOENT: no such file or directory, stat 'C:\Users\HP\Desktop\butchery-pos-backend\server\client\dist\index.html' 
Error: ENOENT: no such file or directory, stat 'C:\Users\HP\Desktop\butchery-pos-backend\server\client\dist\index.html' Method: GET URL: /images/undefined
2025-01-30 12:55:05 [error] ENOENT: no such file or directory, stat 'C:\Users\HP\Desktop\butchery-pos-backend\server\client\dist\index.html' 
Error: ENOENT: no such file or directory, stat 'C:\Users\HP\Desktop\butchery-pos-backend\server\client\dist\index.html' Method: GET URL: /images/undefined
2025-01-30 12:55:22 [error] ENOENT: no such file or directory, stat 'C:\Users\HP\Desktop\butchery-pos-backend\server\client\dist\index.html' 
Error: ENOENT: no such file or directory, stat 'C:\Users\HP\Desktop\butchery-pos-backend\server\client\dist\index.html' Method: GET URL: /images/undefined
2025-01-30 12:55:34 [error] ENOENT: no such file or directory, stat 'C:\Users\HP\Desktop\butchery-pos-backend\server\client\dist\index.html' 
Error: ENOENT: no such file or directory, stat 'C:\Users\HP\Desktop\butchery-pos-backend\server\client\dist\index.html' Method: GET URL: /images/undefined
2025-01-30 12:55:36 [error] ENOENT: no such file or directory, stat 'C:\Users\HP\Desktop\butchery-pos-backend\server\client\dist\index.html' 
Error: ENOENT: no such file or directory, stat 'C:\Users\HP\Desktop\butchery-pos-backend\server\client\dist\index.html' Method: GET URL: /images/undefined
2025-01-30 12:56:46 [error] ENOENT: no such file or directory, stat 'C:\Users\HP\Desktop\butchery-pos-backend\server\client\dist\index.html' 
Error: ENOENT: no such file or directory, stat 'C:\Users\HP\Desktop\butchery-pos-backend\server\client\dist\index.html' Method: GET URL: /images/undefined
2025-01-30 12:57:27 [error] ENOENT: no such file or directory, stat 'C:\Users\HP\Desktop\butchery-pos-backend\server\client\dist\index.html' 
Error: ENOENT: no such file or directory, stat 'C:\Users\HP\Desktop\butchery-pos-backend\server\client\dist\index.html' Method: GET URL: /images/undefined
2025-01-30 13:02:30 [error] ENOENT: no such file or directory, stat 'C:\Users\HP\Desktop\butchery-pos-backend\server\client\dist\index.html' 
Error: ENOENT: no such file or directory, stat 'C:\Users\HP\Desktop\butchery-pos-backend\server\client\dist\index.html' Method: GET URL: /images/undefined
2025-01-30 13:45:28 [error] ENOENT: no such file or directory, stat 'C:\Users\HP\Desktop\butchery-pos-backend\server\client\dist\index.html' 
Error: ENOENT: no such file or directory, stat 'C:\Users\HP\Desktop\butchery-pos-backend\server\client\dist\index.html' Method: GET URL: /images/undefined
2025-01-30 17:23:46 [error] ENOENT: no such file or directory, stat 'C:\Users\HP\Desktop\butchery-pos-backend\server\client\dist\index.html' 
Error: ENOENT: no such file or directory, stat 'C:\Users\HP\Desktop\butchery-pos-backend\server\client\dist\index.html' Method: GET URL: /images/undefined
2025-01-30 17:32:43 [error] ENOENT: no such file or directory, stat 'C:\Users\HP\Desktop\butchery-pos-backend\server\client\dist\index.html' 
Error: ENOENT: no such file or directory, stat 'C:\Users\HP\Desktop\butchery-pos-backend\server\client\dist\index.html' Method: GET URL: /images/undefined
2025-01-30 17:51:51 [error] ENOENT: no such file or directory, stat 'C:\Users\HP\Desktop\butchery-pos-backend\server\client\dist\index.html' 
Error: ENOENT: no such file or directory, stat 'C:\Users\HP\Desktop\butchery-pos-backend\server\client\dist\index.html' Method: GET URL: /images/undefined
2025-01-30 18:10:47 [error] ENOENT: no such file or directory, stat 'C:\Users\HP\Desktop\butchery-pos-backend\server\client\dist\index.html' 
Error: ENOENT: no such file or directory, stat 'C:\Users\HP\Desktop\butchery-pos-backend\server\client\dist\index.html' Method: GET URL: /images/undefined
2025-01-30 18:18:28 [error] ENOENT: no such file or directory, stat 'C:\Users\HP\Desktop\butchery-pos-backend\server\client\dist\index.html' 
Error: ENOENT: no such file or directory, stat 'C:\Users\HP\Desktop\butchery-pos-backend\server\client\dist\index.html' Method: GET URL: /images/undefined
2025-01-30 18:19:16 [error] ENOENT: no such file or directory, stat 'C:\Users\HP\Desktop\butchery-pos-backend\server\client\dist\index.html' 
Error: ENOENT: no such file or directory, stat 'C:\Users\HP\Desktop\butchery-pos-backend\server\client\dist\index.html' Method: GET URL: /images/undefined
2025-01-30 18:20:51 [error] ENOENT: no such file or directory, stat 'C:\Users\HP\Desktop\butchery-pos-backend\server\client\dist\index.html' 
Error: ENOENT: no such file or directory, stat 'C:\Users\HP\Desktop\butchery-pos-backend\server\client\dist\index.html' Method: GET URL: /images/undefined
2025-01-30 18:21:50 [error] ENOENT: no such file or directory, stat 'C:\Users\HP\Desktop\butchery-pos-backend\server\client\dist\index.html' 
Error: ENOENT: no such file or directory, stat 'C:\Users\HP\Desktop\butchery-pos-backend\server\client\dist\index.html' Method: GET URL: /images/undefined
2025-01-30 18:21:59 [error] ENOENT: no such file or directory, stat 'C:\Users\HP\Desktop\butchery-pos-backend\server\client\dist\index.html' 
Error: ENOENT: no such file or directory, stat 'C:\Users\HP\Desktop\butchery-pos-backend\server\client\dist\index.html' Method: GET URL: /images/undefined
2025-01-30 18:24:00 [error] ENOENT: no such file or directory, stat 'C:\Users\HP\Desktop\butchery-pos-backend\server\client\dist\index.html' 
Error: ENOENT: no such file or directory, stat 'C:\Users\HP\Desktop\butchery-pos-backend\server\client\dist\index.html' Method: GET URL: /images/undefined
2025-01-30 18:24:42 [error] ENOENT: no such file or directory, stat 'C:\Users\HP\Desktop\butchery-pos-backend\server\client\dist\index.html' 
Error: ENOENT: no such file or directory, stat 'C:\Users\HP\Desktop\butchery-pos-backend\server\client\dist\index.html' Method: GET URL: /images/undefined
2025-01-30 18:25:06 [error] ENOENT: no such file or directory, stat 'C:\Users\HP\Desktop\butchery-pos-backend\server\client\dist\index.html' 
Error: ENOENT: no such file or directory, stat 'C:\Users\HP\Desktop\butchery-pos-backend\server\client\dist\index.html' Method: GET URL: /images/undefined
2025-01-30 18:26:52 [error] ENOENT: no such file or directory, stat 'C:\Users\HP\Desktop\butchery-pos-backend\server\client\dist\index.html' 
Error: ENOENT: no such file or directory, stat 'C:\Users\HP\Desktop\butchery-pos-backend\server\client\dist\index.html' Method: GET URL: /images/undefined
2025-01-30 18:27:47 [error] ENOENT: no such file or directory, stat 'C:\Users\HP\Desktop\butchery-pos-backend\server\client\dist\index.html' 
Error: ENOENT: no such file or directory, stat 'C:\Users\HP\Desktop\butchery-pos-backend\server\client\dist\index.html' Method: GET URL: /images/undefined
2025-01-30 18:27:52 [error] ENOENT: no such file or directory, stat 'C:\Users\HP\Desktop\butchery-pos-backend\server\client\dist\index.html' 
Error: ENOENT: no such file or directory, stat 'C:\Users\HP\Desktop\butchery-pos-backend\server\client\dist\index.html' Method: GET URL: /images/undefined
2025-01-30 18:28:12 [error] ENOENT: no such file or directory, stat 'C:\Users\HP\Desktop\butchery-pos-backend\server\client\dist\index.html' 
Error: ENOENT: no such file or directory, stat 'C:\Users\HP\Desktop\butchery-pos-backend\server\client\dist\index.html' Method: GET URL: /images/undefined
2025-01-30 18:28:25 [error] ENOENT: no such file or directory, stat 'C:\Users\HP\Desktop\butchery-pos-backend\server\client\dist\index.html' 
Error: ENOENT: no such file or directory, stat 'C:\Users\HP\Desktop\butchery-pos-backend\server\client\dist\index.html' Method: GET URL: /images/undefined
2025-01-30 18:28:46 [error] ENOENT: no such file or directory, stat 'C:\Users\HP\Desktop\butchery-pos-backend\server\client\dist\index.html' 
Error: ENOENT: no such file or directory, stat 'C:\Users\HP\Desktop\butchery-pos-backend\server\client\dist\index.html' Method: GET URL: /images/undefined
2025-01-30 18:30:52 [error] ENOENT: no such file or directory, stat 'C:\Users\HP\Desktop\butchery-pos-backend\server\client\dist\index.html' 
Error: ENOENT: no such file or directory, stat 'C:\Users\HP\Desktop\butchery-pos-backend\server\client\dist\index.html' Method: GET URL: /images/undefined
2025-01-30 18:31:12 [error] ENOENT: no such file or directory, stat 'C:\Users\HP\Desktop\butchery-pos-backend\server\client\dist\index.html' 
Error: ENOENT: no such file or directory, stat 'C:\Users\HP\Desktop\butchery-pos-backend\server\client\dist\index.html' Method: GET URL: /images/undefined
2025-01-30 18:31:32 [error] ENOENT: no such file or directory, stat 'C:\Users\HP\Desktop\butchery-pos-backend\server\client\dist\index.html' 
Error: ENOENT: no such file or directory, stat 'C:\Users\HP\Desktop\butchery-pos-backend\server\client\dist\index.html' Method: GET URL: /images/undefined
2025-01-30 18:36:22 [error] ENOENT: no such file or directory, stat 'C:\Users\HP\Desktop\butchery-pos-backend\server\client\dist\index.html' 
Error: ENOENT: no such file or directory, stat 'C:\Users\HP\Desktop\butchery-pos-backend\server\client\dist\index.html' Method: GET URL: /images/undefined
2025-01-30 18:37:55 [error] ENOENT: no such file or directory, stat 'C:\Users\HP\Desktop\butchery-pos-backend\server\client\dist\index.html' 
Error: ENOENT: no such file or directory, stat 'C:\Users\HP\Desktop\butchery-pos-backend\server\client\dist\index.html' Method: GET URL: /images/undefined
2025-01-30 18:38:15 [error] ENOENT: no such file or directory, stat 'C:\Users\HP\Desktop\butchery-pos-backend\server\client\dist\index.html' 
Error: ENOENT: no such file or directory, stat 'C:\Users\HP\Desktop\butchery-pos-backend\server\client\dist\index.html' Method: GET URL: /images/undefined
2025-01-30 18:39:29 [error] ENOENT: no such file or directory, stat 'C:\Users\HP\Desktop\butchery-pos-backend\server\client\dist\index.html' 
Error: ENOENT: no such file or directory, stat 'C:\Users\HP\Desktop\butchery-pos-backend\server\client\dist\index.html' Method: GET URL: /images/undefined
2025-01-30 18:42:19 [error] ENOENT: no such file or directory, stat 'C:\Users\HP\Desktop\butchery-pos-backend\server\client\dist\index.html' 
Error: ENOENT: no such file or directory, stat 'C:\Users\HP\Desktop\butchery-pos-backend\server\client\dist\index.html' Method: GET URL: /images/undefined
2025-01-30 18:43:18 [error] ENOENT: no such file or directory, stat 'C:\Users\HP\Desktop\butchery-pos-backend\server\client\dist\index.html' 
Error: ENOENT: no such file or directory, stat 'C:\Users\HP\Desktop\butchery-pos-backend\server\client\dist\index.html' Method: GET URL: /images/undefined
2025-01-30 18:45:47 [error] ENOENT: no such file or directory, stat 'C:\Users\HP\Desktop\butchery-pos-backend\server\client\dist\index.html' 
Error: ENOENT: no such file or directory, stat 'C:\Users\HP\Desktop\butchery-pos-backend\server\client\dist\index.html' Method: GET URL: /images/undefined
2025-01-30 18:47:32 [error] ENOENT: no such file or directory, stat 'C:\Users\HP\Desktop\butchery-pos-backend\server\client\dist\index.html' 
Error: ENOENT: no such file or directory, stat 'C:\Users\HP\Desktop\butchery-pos-backend\server\client\dist\index.html' Method: GET URL: /images/undefined
2025-01-30 18:48:02 [error] ENOENT: no such file or directory, stat 'C:\Users\HP\Desktop\butchery-pos-backend\server\client\dist\index.html' 
Error: ENOENT: no such file or directory, stat 'C:\Users\HP\Desktop\butchery-pos-backend\server\client\dist\index.html' Method: GET URL: /images/undefined
2025-01-30 18:49:53 [error] ENOENT: no such file or directory, stat 'C:\Users\HP\Desktop\butchery-pos-backend\server\client\dist\index.html' 
Error: ENOENT: no such file or directory, stat 'C:\Users\HP\Desktop\butchery-pos-backend\server\client\dist\index.html' Method: GET URL: /images/undefined
2025-01-30 18:50:14 [error] ENOENT: no such file or directory, stat 'C:\Users\HP\Desktop\butchery-pos-backend\server\client\dist\index.html' 
Error: ENOENT: no such file or directory, stat 'C:\Users\HP\Desktop\butchery-pos-backend\server\client\dist\index.html' Method: GET URL: /images/undefined
2025-01-30 19:15:57 [error] ENOENT: no such file or directory, stat 'C:\Users\HP\Desktop\butchery-pos-backend\server\client\dist\index.html' 
Error: ENOENT: no such file or directory, stat 'C:\Users\HP\Desktop\butchery-pos-backend\server\client\dist\index.html' Method: GET URL: /images/undefined
2025-01-30 19:16:02 [error] ENOENT: no such file or directory, stat 'C:\Users\HP\Desktop\butchery-pos-backend\server\client\dist\index.html' 
Error: ENOENT: no such file or directory, stat 'C:\Users\HP\Desktop\butchery-pos-backend\server\client\dist\index.html' Method: GET URL: /images/undefined
2025-01-30 20:20:17 [error] ENOENT: no such file or directory, stat 'C:\Users\HP\Desktop\butchery-pos-backend\server\client\dist\index.html' 
Error: ENOENT: no such file or directory, stat 'C:\Users\HP\Desktop\butchery-pos-backend\server\client\dist\index.html' Method: GET URL: /images/undefined
2025-01-30 20:26:27 [error] ENOENT: no such file or directory, stat 'C:\Users\HP\Desktop\butchery-pos-backend\server\client\dist\index.html' 
Error: ENOENT: no such file or directory, stat 'C:\Users\HP\Desktop\butchery-pos-backend\server\client\dist\index.html' Method: GET URL: /images/undefined
2025-01-30 20:26:29 [error] ENOENT: no such file or directory, stat 'C:\Users\HP\Desktop\butchery-pos-backend\server\client\dist\index.html' 
Error: ENOENT: no such file or directory, stat 'C:\Users\HP\Desktop\butchery-pos-backend\server\client\dist\index.html' Method: GET URL: /images/undefined
2025-01-30 20:26:31 [error] ENOENT: no such file or directory, stat 'C:\Users\HP\Desktop\butchery-pos-backend\server\client\dist\index.html' 
Error: ENOENT: no such file or directory, stat 'C:\Users\HP\Desktop\butchery-pos-backend\server\client\dist\index.html' Method: GET URL: /images/undefined
2025-01-30 20:26:34 [error] ENOENT: no such file or directory, stat 'C:\Users\HP\Desktop\butchery-pos-backend\server\client\dist\index.html' 
Error: ENOENT: no such file or directory, stat 'C:\Users\HP\Desktop\butchery-pos-backend\server\client\dist\index.html' Method: GET URL: /images/undefined
2025-01-30 20:26:36 [error] ENOENT: no such file or directory, stat 'C:\Users\HP\Desktop\butchery-pos-backend\server\client\dist\index.html' 
Error: ENOENT: no such file or directory, stat 'C:\Users\HP\Desktop\butchery-pos-backend\server\client\dist\index.html' Method: GET URL: /images/undefined
2025-01-30 20:29:58 [error] ENOENT: no such file or directory, stat 'C:\Users\HP\Desktop\butchery-pos-backend\server\client\dist\index.html' 
Error: ENOENT: no such file or directory, stat 'C:\Users\HP\Desktop\butchery-pos-backend\server\client\dist\index.html' Method: GET URL: /images/undefined
2025-01-30 20:37:32 [error] ENOENT: no such file or directory, stat 'C:\Users\HP\Desktop\butchery-pos-backend\server\client\dist\index.html' 
Error: ENOENT: no such file or directory, stat 'C:\Users\HP\Desktop\butchery-pos-backend\server\client\dist\index.html' Method: GET URL: /images/undefined
2025-01-30 20:37:57 [error] ENOENT: no such file or directory, stat 'C:\Users\HP\Desktop\butchery-pos-backend\server\client\dist\index.html' 
Error: ENOENT: no such file or directory, stat 'C:\Users\HP\Desktop\butchery-pos-backend\server\client\dist\index.html' Method: GET URL: /images/undefined
2025-01-30 21:06:10 [error] ENOENT: no such file or directory, stat 'C:\Users\HP\Desktop\butchery-pos-backend\server\client\dist\index.html' 
Error: ENOENT: no such file or directory, stat 'C:\Users\HP\Desktop\butchery-pos-backend\server\client\dist\index.html' Method: GET URL: /images/undefined
2025-01-30 21:12:42 [error] ENOENT: no such file or directory, stat 'C:\Users\HP\Desktop\butchery-pos-backend\server\client\dist\index.html' 
Error: ENOENT: no such file or directory, stat 'C:\Users\HP\Desktop\butchery-pos-backend\server\client\dist\index.html' Method: GET URL: /images/undefined
2025-01-30 21:13:15 [error] ENOENT: no such file or directory, stat 'C:\Users\HP\Desktop\butchery-pos-backend\server\client\dist\index.html' 
Error: ENOENT: no such file or directory, stat 'C:\Users\HP\Desktop\butchery-pos-backend\server\client\dist\index.html' Method: GET URL: /images/undefined
2025-01-30 21:15:41 [error] ENOENT: no such file or directory, stat 'C:\Users\HP\Desktop\butchery-pos-backend\server\client\dist\index.html' 
Error: ENOENT: no such file or directory, stat 'C:\Users\HP\Desktop\butchery-pos-backend\server\client\dist\index.html' Method: GET URL: /images/undefined
2025-01-30 21:15:52 [error] ENOENT: no such file or directory, stat 'C:\Users\HP\Desktop\butchery-pos-backend\server\client\dist\index.html' 
Error: ENOENT: no such file or directory, stat 'C:\Users\HP\Desktop\butchery-pos-backend\server\client\dist\index.html' Method: GET URL: /images/undefined
2025-01-30 21:16:37 [error] ENOENT: no such file or directory, stat 'C:\Users\HP\Desktop\butchery-pos-backend\server\client\dist\index.html' 
Error: ENOENT: no such file or directory, stat 'C:\Users\HP\Desktop\butchery-pos-backend\server\client\dist\index.html' Method: GET URL: /images/undefined
2025-01-30 21:20:05 [error] ENOENT: no such file or directory, stat 'C:\Users\HP\Desktop\butchery-pos-backend\server\client\dist\index.html' 
Error: ENOENT: no such file or directory, stat 'C:\Users\HP\Desktop\butchery-pos-backend\server\client\dist\index.html' Method: GET URL: /images/undefined
2025-01-30 21:20:07 [error] ENOENT: no such file or directory, stat 'C:\Users\HP\Desktop\butchery-pos-backend\server\client\dist\index.html' 
Error: ENOENT: no such file or directory, stat 'C:\Users\HP\Desktop\butchery-pos-backend\server\client\dist\index.html' Method: GET URL: /images/undefined
2025-01-30 21:20:30 [error] ENOENT: no such file or directory, stat 'C:\Users\HP\Desktop\butchery-pos-backend\server\client\dist\index.html' 
Error: ENOENT: no such file or directory, stat 'C:\Users\HP\Desktop\butchery-pos-backend\server\client\dist\index.html' Method: GET URL: /images/undefined
2025-01-30 21:20:39 [error] ENOENT: no such file or directory, stat 'C:\Users\HP\Desktop\butchery-pos-backend\server\client\dist\index.html' 
Error: ENOENT: no such file or directory, stat 'C:\Users\HP\Desktop\butchery-pos-backend\server\client\dist\index.html' Method: GET URL: /images/undefined
2025-01-30 21:20:59 [error] ENOENT: no such file or directory, stat 'C:\Users\HP\Desktop\butchery-pos-backend\server\client\dist\index.html' 
Error: ENOENT: no such file or directory, stat 'C:\Users\HP\Desktop\butchery-pos-backend\server\client\dist\index.html' Method: GET URL: /images/undefined
2025-01-30 21:21:03 [error] ENOENT: no such file or directory, stat 'C:\Users\HP\Desktop\butchery-pos-backend\server\client\dist\index.html' 
Error: ENOENT: no such file or directory, stat 'C:\Users\HP\Desktop\butchery-pos-backend\server\client\dist\index.html' Method: GET URL: /images/undefined
2025-01-30 21:22:14 [error] ENOENT: no such file or directory, stat 'C:\Users\HP\Desktop\butchery-pos-backend\server\client\dist\index.html' 
Error: ENOENT: no such file or directory, stat 'C:\Users\HP\Desktop\butchery-pos-backend\server\client\dist\index.html' Method: GET URL: /images/undefined
2025-01-30 21:23:05 [error] ENOENT: no such file or directory, stat 'C:\Users\HP\Desktop\butchery-pos-backend\server\client\dist\index.html' 
Error: ENOENT: no such file or directory, stat 'C:\Users\HP\Desktop\butchery-pos-backend\server\client\dist\index.html' Method: GET URL: /images/undefined
2025-01-30 21:26:43 [error] ENOENT: no such file or directory, stat 'C:\Users\HP\Desktop\butchery-pos-backend\server\client\dist\index.html' 
Error: ENOENT: no such file or directory, stat 'C:\Users\HP\Desktop\butchery-pos-backend\server\client\dist\index.html' Method: GET URL: /images/undefined
2025-01-31 15:57:37 [error] Error fetching orders: Cast to ObjectId failed for value "c700d2c0-9f02-41e8-b4e0-7c366749705a" (type string) at path "_id" for model "Stock" 
Error: Error fetching orders: Cast to ObjectId failed for value "c700d2c0-9f02-41e8-b4e0-7c366749705a" (type string) at path "_id" for model "Stock"
    at getOrdersByCustomerId (file:///C:/Users/HP/Desktop/butchery-pos-backend/server/api/services/orderService.js:20:15)
    at process.processTicksAndRejections (node:internal/process/task_queues:95:5)
    at async file:///C:/Users/HP/Desktop/butchery-pos-backend/server/api/controllers/customerOrders.js:9:24 Method: GET URL: /customers/:id/orders
2025-02-01 15:26:47 [error] origins is not defined 
ReferenceError: origins is not defined
    at file:///C:/Users/HP/Desktop/butchery-pos-backend/server/server.js:132:31
    at Layer.handle [as handle_request] (C:\Users\HP\Desktop\butchery-pos-backend\server\node_modules\express\lib\router\layer.js:95:5)
    at trim_prefix (C:\Users\HP\Desktop\butchery-pos-backend\server\node_modules\express\lib\router\index.js:328:13)
    at C:\Users\HP\Desktop\butchery-pos-backend\server\node_modules\express\lib\router\index.js:286:9
    at Function.process_params (C:\Users\HP\Desktop\butchery-pos-backend\server\node_modules\express\lib\router\index.js:346:12)
    at next (C:\Users\HP\Desktop\butchery-pos-backend\server\node_modules\express\lib\router\index.js:280:10)
    at Layer.handle [as handle_request] (C:\Users\HP\Desktop\butchery-pos-backend\server\node_modules\express\lib\router\layer.js:91:12)
    at trim_prefix (C:\Users\HP\Desktop\butchery-pos-backend\server\node_modules\express\lib\router\index.js:328:13)
    at C:\Users\HP\Desktop\butchery-pos-backend\server\node_modules\express\lib\router\index.js:286:9
    at Function.process_params (C:\Users\HP\Desktop\butchery-pos-backend\server\node_modules\express\lib\router\index.js:346:12) Method: GET URL: /
2025-02-01 15:26:47 [error] origins is not defined 
ReferenceError: origins is not defined
    at file:///C:/Users/HP/Desktop/butchery-pos-backend/server/server.js:132:31
    at Layer.handle [as handle_request] (C:\Users\HP\Desktop\butchery-pos-backend\server\node_modules\express\lib\router\layer.js:95:5)
    at trim_prefix (C:\Users\HP\Desktop\butchery-pos-backend\server\node_modules\express\lib\router\index.js:328:13)
    at C:\Users\HP\Desktop\butchery-pos-backend\server\node_modules\express\lib\router\index.js:286:9
    at Function.process_params (C:\Users\HP\Desktop\butchery-pos-backend\server\node_modules\express\lib\router\index.js:346:12)
    at next (C:\Users\HP\Desktop\butchery-pos-backend\server\node_modules\express\lib\router\index.js:280:10)
    at Layer.handle [as handle_request] (C:\Users\HP\Desktop\butchery-pos-backend\server\node_modules\express\lib\router\layer.js:91:12)
    at trim_prefix (C:\Users\HP\Desktop\butchery-pos-backend\server\node_modules\express\lib\router\index.js:328:13)
    at C:\Users\HP\Desktop\butchery-pos-backend\server\node_modules\express\lib\router\index.js:286:9
    at Function.process_params (C:\Users\HP\Desktop\butchery-pos-backend\server\node_modules\express\lib\router\index.js:346:12) Method: GET URL: /favicon.ico
2025-02-01 15:27:28 [error] req is not defined 
ReferenceError: req is not defined
    at file:///C:/Users/HP/Desktop/butchery-pos-backend/server/server.js:132:20
    at Layer.handle [as handle_request] (C:\Users\HP\Desktop\butchery-pos-backend\server\node_modules\express\lib\router\layer.js:95:5)
    at trim_prefix (C:\Users\HP\Desktop\butchery-pos-backend\server\node_modules\express\lib\router\index.js:328:13)
    at C:\Users\HP\Desktop\butchery-pos-backend\server\node_modules\express\lib\router\index.js:286:9
    at Function.process_params (C:\Users\HP\Desktop\butchery-pos-backend\server\node_modules\express\lib\router\index.js:346:12)
    at next (C:\Users\HP\Desktop\butchery-pos-backend\server\node_modules\express\lib\router\index.js:280:10)
    at Layer.handle [as handle_request] (C:\Users\HP\Desktop\butchery-pos-backend\server\node_modules\express\lib\router\layer.js:91:12)
    at trim_prefix (C:\Users\HP\Desktop\butchery-pos-backend\server\node_modules\express\lib\router\index.js:328:13)
    at C:\Users\HP\Desktop\butchery-pos-backend\server\node_modules\express\lib\router\index.js:286:9
    at Function.process_params (C:\Users\HP\Desktop\butchery-pos-backend\server\node_modules\express\lib\router\index.js:346:12) Method: GET URL: /
2025-02-01 15:27:28 [error] req is not defined 
ReferenceError: req is not defined
    at file:///C:/Users/HP/Desktop/butchery-pos-backend/server/server.js:132:20
    at Layer.handle [as handle_request] (C:\Users\HP\Desktop\butchery-pos-backend\server\node_modules\express\lib\router\layer.js:95:5)
    at trim_prefix (C:\Users\HP\Desktop\butchery-pos-backend\server\node_modules\express\lib\router\index.js:328:13)
    at C:\Users\HP\Desktop\butchery-pos-backend\server\node_modules\express\lib\router\index.js:286:9
    at Function.process_params (C:\Users\HP\Desktop\butchery-pos-backend\server\node_modules\express\lib\router\index.js:346:12)
    at next (C:\Users\HP\Desktop\butchery-pos-backend\server\node_modules\express\lib\router\index.js:280:10)
    at Layer.handle [as handle_request] (C:\Users\HP\Desktop\butchery-pos-backend\server\node_modules\express\lib\router\layer.js:91:12)
    at trim_prefix (C:\Users\HP\Desktop\butchery-pos-backend\server\node_modules\express\lib\router\index.js:328:13)
    at C:\Users\HP\Desktop\butchery-pos-backend\server\node_modules\express\lib\router\index.js:286:9
    at Function.process_params (C:\Users\HP\Desktop\butchery-pos-backend\server\node_modules\express\lib\router\index.js:346:12) Method: GET URL: /favicon.ico
2025-02-01 15:27:33 [error] req is not defined 
ReferenceError: req is not defined
    at file:///C:/Users/HP/Desktop/butchery-pos-backend/server/server.js:132:20
    at Layer.handle [as handle_request] (C:\Users\HP\Desktop\butchery-pos-backend\server\node_modules\express\lib\router\layer.js:95:5)
    at trim_prefix (C:\Users\HP\Desktop\butchery-pos-backend\server\node_modules\express\lib\router\index.js:328:13)
    at C:\Users\HP\Desktop\butchery-pos-backend\server\node_modules\express\lib\router\index.js:286:9
    at Function.process_params (C:\Users\HP\Desktop\butchery-pos-backend\server\node_modules\express\lib\router\index.js:346:12)
    at next (C:\Users\HP\Desktop\butchery-pos-backend\server\node_modules\express\lib\router\index.js:280:10)
    at Layer.handle [as handle_request] (C:\Users\HP\Desktop\butchery-pos-backend\server\node_modules\express\lib\router\layer.js:91:12)
    at trim_prefix (C:\Users\HP\Desktop\butchery-pos-backend\server\node_modules\express\lib\router\index.js:328:13)
    at C:\Users\HP\Desktop\butchery-pos-backend\server\node_modules\express\lib\router\index.js:286:9
    at Function.process_params (C:\Users\HP\Desktop\butchery-pos-backend\server\node_modules\express\lib\router\index.js:346:12) Method: GET URL: /
2025-02-01 15:27:33 [error] req is not defined 
ReferenceError: req is not defined
    at file:///C:/Users/HP/Desktop/butchery-pos-backend/server/server.js:132:20
    at Layer.handle [as handle_request] (C:\Users\HP\Desktop\butchery-pos-backend\server\node_modules\express\lib\router\layer.js:95:5)
    at trim_prefix (C:\Users\HP\Desktop\butchery-pos-backend\server\node_modules\express\lib\router\index.js:328:13)
    at C:\Users\HP\Desktop\butchery-pos-backend\server\node_modules\express\lib\router\index.js:286:9
    at Function.process_params (C:\Users\HP\Desktop\butchery-pos-backend\server\node_modules\express\lib\router\index.js:346:12)
    at next (C:\Users\HP\Desktop\butchery-pos-backend\server\node_modules\express\lib\router\index.js:280:10)
    at Layer.handle [as handle_request] (C:\Users\HP\Desktop\butchery-pos-backend\server\node_modules\express\lib\router\layer.js:91:12)
    at trim_prefix (C:\Users\HP\Desktop\butchery-pos-backend\server\node_modules\express\lib\router\index.js:328:13)
    at C:\Users\HP\Desktop\butchery-pos-backend\server\node_modules\express\lib\router\index.js:286:9
    at Function.process_params (C:\Users\HP\Desktop\butchery-pos-backend\server\node_modules\express\lib\router\index.js:346:12) Method: GET URL: /favicon.ico
2025-02-02 14:31:08 [error] Can't find /api/v1customers/log-out on the server 
Error: Can't find /api/v1customers/log-out on the server
    at file:///C:/Users/HP/Desktop/butchery-pos-backend/server/server.js:164:17
    at Layer.handle [as handle_request] (C:\Users\HP\Desktop\butchery-pos-backend\server\node_modules\express\lib\router\layer.js:95:5)
    at next (C:\Users\HP\Desktop\butchery-pos-backend\server\node_modules\express\lib\router\route.js:149:13)
    at next (C:\Users\HP\Desktop\butchery-pos-backend\server\node_modules\express\lib\router\route.js:145:7)
    at next (C:\Users\HP\Desktop\butchery-pos-backend\server\node_modules\express\lib\router\route.js:145:7)
    at next (C:\Users\HP\Desktop\butchery-pos-backend\server\node_modules\express\lib\router\route.js:145:7)
    at next (C:\Users\HP\Desktop\butchery-pos-backend\server\node_modules\express\lib\router\route.js:145:7)
    at next (C:\Users\HP\Desktop\butchery-pos-backend\server\node_modules\express\lib\router\route.js:145:7)
    at next (C:\Users\HP\Desktop\butchery-pos-backend\server\node_modules\express\lib\router\route.js:145:7)
    at next (C:\Users\HP\Desktop\butchery-pos-backend\server\node_modules\express\lib\router\route.js:145:7) Method: POST URL: /api/v1customers/log-out
2025-02-02 14:31:26 [error] Can't find /api/v1customers/log-out on the server 
Error: Can't find /api/v1customers/log-out on the server
    at file:///C:/Users/HP/Desktop/butchery-pos-backend/server/server.js:164:17
    at Layer.handle [as handle_request] (C:\Users\HP\Desktop\butchery-pos-backend\server\node_modules\express\lib\router\layer.js:95:5)
    at next (C:\Users\HP\Desktop\butchery-pos-backend\server\node_modules\express\lib\router\route.js:149:13)
    at next (C:\Users\HP\Desktop\butchery-pos-backend\server\node_modules\express\lib\router\route.js:145:7)
    at next (C:\Users\HP\Desktop\butchery-pos-backend\server\node_modules\express\lib\router\route.js:145:7)
    at next (C:\Users\HP\Desktop\butchery-pos-backend\server\node_modules\express\lib\router\route.js:145:7)
    at next (C:\Users\HP\Desktop\butchery-pos-backend\server\node_modules\express\lib\router\route.js:145:7)
    at next (C:\Users\HP\Desktop\butchery-pos-backend\server\node_modules\express\lib\router\route.js:145:7)
    at next (C:\Users\HP\Desktop\butchery-pos-backend\server\node_modules\express\lib\router\route.js:145:7)
    at next (C:\Users\HP\Desktop\butchery-pos-backend\server\node_modules\express\lib\router\route.js:145:7) Method: POST URL: /api/v1customers/log-out
2025-02-27 09:34:37 [error] Can't find /api/v1/employees/logout on the server 
Error: Can't find /api/v1/employees/logout on the server
    at file:///C:/Users/HP/Desktop/butchery-pos-backend/server/server.js:165:17
    at Layer.handle [as handle_request] (C:\Users\HP\Desktop\butchery-pos-backend\server\node_modules\express\lib\router\layer.js:95:5)
    at next (C:\Users\HP\Desktop\butchery-pos-backend\server\node_modules\express\lib\router\route.js:149:13)
    at next (C:\Users\HP\Desktop\butchery-pos-backend\server\node_modules\express\lib\router\route.js:145:7)
    at next (C:\Users\HP\Desktop\butchery-pos-backend\server\node_modules\express\lib\router\route.js:145:7)
    at next (C:\Users\HP\Desktop\butchery-pos-backend\server\node_modules\express\lib\router\route.js:145:7)
    at next (C:\Users\HP\Desktop\butchery-pos-backend\server\node_modules\express\lib\router\route.js:145:7)
    at next (C:\Users\HP\Desktop\butchery-pos-backend\server\node_modules\express\lib\router\route.js:145:7)
    at next (C:\Users\HP\Desktop\butchery-pos-backend\server\node_modules\express\lib\router\route.js:145:7)
    at next (C:\Users\HP\Desktop\butchery-pos-backend\server\node_modules\express\lib\router\route.js:145:7) Method: POST URL: /api/v1/employees/logout
2025-02-27 09:43:14 [error] Can't find /api/v1customers/log-out on the server 
Error: Can't find /api/v1customers/log-out on the server
    at file:///C:/Users/HP/Desktop/butchery-pos-backend/server/server.js:165:17
    at Layer.handle [as handle_request] (C:\Users\HP\Desktop\butchery-pos-backend\server\node_modules\express\lib\router\layer.js:95:5)
    at next (C:\Users\HP\Desktop\butchery-pos-backend\server\node_modules\express\lib\router\route.js:149:13)
    at next (C:\Users\HP\Desktop\butchery-pos-backend\server\node_modules\express\lib\router\route.js:145:7)
    at next (C:\Users\HP\Desktop\butchery-pos-backend\server\node_modules\express\lib\router\route.js:145:7)
    at next (C:\Users\HP\Desktop\butchery-pos-backend\server\node_modules\express\lib\router\route.js:145:7)
    at next (C:\Users\HP\Desktop\butchery-pos-backend\server\node_modules\express\lib\router\route.js:145:7)
    at next (C:\Users\HP\Desktop\butchery-pos-backend\server\node_modules\express\lib\router\route.js:145:7)
    at next (C:\Users\HP\Desktop\butchery-pos-backend\server\node_modules\express\lib\router\route.js:145:7)
    at next (C:\Users\HP\Desktop\butchery-pos-backend\server\node_modules\express\lib\router\route.js:145:7) Method: POST URL: /api/v1customers/log-out
2025-02-27 09:46:11 [error] Can't find /api/v1customers/log-out on the server 
Error: Can't find /api/v1customers/log-out on the server
    at file:///C:/Users/HP/Desktop/butchery-pos-backend/server/server.js:165:17
    at Layer.handle [as handle_request] (C:\Users\HP\Desktop\butchery-pos-backend\server\node_modules\express\lib\router\layer.js:95:5)
    at next (C:\Users\HP\Desktop\butchery-pos-backend\server\node_modules\express\lib\router\route.js:149:13)
    at next (C:\Users\HP\Desktop\butchery-pos-backend\server\node_modules\express\lib\router\route.js:145:7)
    at next (C:\Users\HP\Desktop\butchery-pos-backend\server\node_modules\express\lib\router\route.js:145:7)
    at next (C:\Users\HP\Desktop\butchery-pos-backend\server\node_modules\express\lib\router\route.js:145:7)
    at next (C:\Users\HP\Desktop\butchery-pos-backend\server\node_modules\express\lib\router\route.js:145:7)
    at next (C:\Users\HP\Desktop\butchery-pos-backend\server\node_modules\express\lib\router\route.js:145:7)
    at next (C:\Users\HP\Desktop\butchery-pos-backend\server\node_modules\express\lib\router\route.js:145:7)
    at next (C:\Users\HP\Desktop\butchery-pos-backend\server\node_modules\express\lib\router\route.js:145:7) Method: POST URL: /api/v1customers/log-out
